Time,Bx,By,Bz,status
2016-08-22T12:43:08.836545,0,0,0,0,
2016-08-22T12:43:08.844357,0,0,0,0,
2016-08-22T12:43:08.852169,341431,341431,341431,0,
2016-08-22T12:43:08.859982,341432,341432,341432,0,
2016-08-22T12:43:08.867795,341433,341433,341433,0,
2016-08-22T12:43:08.875607,341434,341434,341434,0,
2016-08-22T12:43:08.883419,341435,341435,341435,0,
2016-08-22T12:43:08.891232,341436,341436,341436,0,
2016-08-22T12:43:08.899045,341437,341437,341437,0,
2016-08-22T12:43:08.906857,341438,341438,341438,0,
2016-08-22T12:43:08.922482,341440,341440,341440,0,
2016-08-22T12:43:08.930295,341441,341441,341441,0,
2016-08-22T12:43:08.938107,341442,341442,341442,0,
2016-08-22T12:43:08.945919,341443,341443,341443,0,
2016-08-22T12:43:08.953732,341444,341444,341444,0,
2016-08-22T12:43:08.961545,341445,341445,341445,0,
2016-08-22T12:43:08.969357,341446,341446,341446,0,
2016-08-22T12:43:08.977169,341447,341447,341447,0,
2016-08-22T12:43:08.984982,341448,341448,341448,0,
2016-08-22T12:43:08.992795,341449,341449,341449,0,
2016-08-22T12:43:09.008419,341451,341451,341451,0,
2016-08-22T12:43:09.016232,341452,341452,341452,0,
2016-08-22T12:43:09.024045,341453,341453,341453,0,
2016-08-22T12:43:09.031857,341454,341454,341454,0,
2016-08-22T12:43:09.039669,341455,341455,341455,0,
2016-08-22T12:43:09.047482,341456,341456,341456,0,
2016-08-22T12:43:09.055295,341457,341457,341457,0,
2016-08-22T12:43:09.063107,341458,341458,341458,0,
2016-08-22T12:43:09.070919,341459,341459,341459,0,
2016-08-22T12:43:09.078732,341460,341460,341460,0,
2016-08-22T12:43:09.094357,341462,341462,341462,0,
2016-08-22T12:43:09.102169,341463,341463,341463,0,
2016-08-22T12:43:09.109982,341464,341464,341464,0,
2016-08-22T12:43:09.117795,341465,341465,341465,0,
2016-08-22T12:43:09.125607,341466,341466,341466,0,
2016-08-22T12:43:09.133419,341467,341467,341467,0,
2016-08-22T12:43:09.141232,341468,341468,341468,0,
2016-08-22T12:43:09.149045,341469,341469,341469,0,
2016-08-22T12:43:09.156857,341470,341470,341470,0,
2016-08-22T12:43:09.164669,341471,341471,341471,0,
2016-08-22T12:43:09.180295,341473,341473,341473,0,
2016-08-22T12:43:09.188107,341474,341474,341474,0,
2016-08-22T12:43:09.195919,341475,341475,341475,0,
2016-08-22T12:43:09.203732,341476,341476,341476,0,
2016-08-22T12:43:09.211545,341477,341477,341477,0,
2016-08-22T12:43:09.219357,341478,341478,341478,0,
2016-08-22T12:43:09.227169,341479,341479,341479,0,
2016-08-22T12:43:09.234982,341480,341480,341480,0,
2016-08-22T12:43:09.242795,341481,341481,341481,0,
2016-08-22T12:43:09.250607,341482,341482,341482,0,
2016-08-22T12:43:09.266232,341484,341484,341484,0,
2016-08-22T12:43:09.274045,341485,341485,341485,0,
2016-08-22T12:43:09.281857,341486,341486,341486,0,
2016-08-22T12:43:09.289669,341487,341487,341487,0,
2016-08-22T12:43:09.297482,341488,341488,341488,0,
2016-08-22T12:43:09.305295,341489,341489,341489,0,
2016-08-22T12:43:09.313107,341490,341490,341490,0,
2016-08-22T12:43:09.320919,341491,341491,341491,0,
2016-08-22T12:43:09.328732,341492,341492,341492,0,
2016-08-22T12:43:09.336545,341493,341493,341493,0,
2016-08-22T12:43:09.352169,341495,341495,341495,0,
2016-08-22T12:43:09.359982,341496,341496,341496,0,
2016-08-22T12:43:09.367795,341497,341497,341497,0,
2016-08-22T12:43:09.375607,341498,341498,341498,0,
2016-08-22T12:43:09.383419,341499,341499,341499,0,
2016-08-22T12:43:09.391232,341500,341500,341500,0,
2016-08-22T12:43:09.399045,341501,341501,341501,0,
2016-08-22T12:43:09.406857,341502,341502,341502,0,
2016-08-22T12:43:09.414669,341503,341503,341503,0,
2016-08-22T12:43:09.422482,341504,341504,341504,0,
2016-08-22T12:43:09.438107,341506,341506,341506,0,
2016-08-22T12:43:09.445919,341507,341507,341507,0,
2016-08-22T12:43:09.453732,341508,341508,341508,0,
2016-08-22T12:43:09.461545,341509,341509,341509,0,
2016-08-22T12:43:09.469357,341510,341510,341510,0,
2016-08-22T12:43:09.477169,341511,341511,341511,0,
2016-08-22T12:43:09.484982,341512,341512,341512,0,
2016-08-22T12:43:09.492795,341513,341513,341513,0,
2016-08-22T12:43:09.500607,341514,341514,341514,0,
2016-08-22T12:43:09.508419,341515,341515,341515,0,
2016-08-22T12:43:09.524045,341517,341517,341517,0,
2016-08-22T12:43:09.531857,341518,341518,341518,0,
2016-08-22T12:43:09.539669,341519,341519,341519,0,
2016-08-22T12:43:09.547482,341520,341520,341520,0,
2016-08-22T12:43:09.555295,341521,341521,341521,0,
2016-08-22T12:43:09.563107,341522,341522,341522,0,
2016-08-22T12:43:09.570919,341523,341523,341523,0,
2016-08-22T12:43:09.578732,341524,341524,341524,0,
2016-08-22T12:43:09.586545,341525,341525,341525,0,
2016-08-22T12:43:09.594357,341526,341526,341526,0,
2016-08-22T12:43:09.609982,341528,341528,341528,0,
2016-08-22T12:43:09.617795,341529,341529,341529,0,
2016-08-22T12:43:09.625607,341530,341530,341530,0,
2016-08-22T12:43:09.633419,341531,341531,341531,0,
2016-08-22T12:43:09.641232,341532,341532,341532,0,
2016-08-22T12:43:09.649045,341533,341533,341533,0,
2016-08-22T12:43:09.656857,341534,341534,341534,0,
2016-08-22T12:43:09.664669,341535,341535,341535,0,
2016-08-22T12:43:09.672482,341536,341536,341536,0,
2016-08-22T12:43:09.680295,341537,341537,341537,0,
2016-08-22T12:43:09.695919,341539,341539,341539,0,
2016-08-22T12:43:09.703732,341540,341540,341540,0,
2016-08-22T12:43:09.711545,341541,341541,341541,0,
2016-08-22T12:43:09.719357,341542,341542,341542,0,
2016-08-22T12:43:09.727169,341543,341543,341543,0,
2016-08-22T12:43:09.734982,341544,341544,341544,0,
2016-08-22T12:43:09.742795,341545,341545,341545,0,
2016-08-22T12:43:09.750607,341546,341546,341546,0,
2016-08-22T12:43:09.758419,341547,341547,341547,0,
2016-08-22T12:43:09.766232,341548,341548,341548,0,
2016-08-22T12:43:09.781857,341550,341550,341550,0,
2016-08-22T12:43:09.789669,341551,341551,341551,0,
2016-08-22T12:43:09.797482,341552,341552,341552,0,
2016-08-22T12:43:09.805295,341553,341553,341553,0,
2016-08-22T12:43:09.813107,341554,341554,341554,0,
2016-08-22T12:43:09.820919,341555,341555,341555,0,
2016-08-22T12:43:09.828732,341556,341556,341556,0,
2016-08-22T12:43:09.836545,341557,341557,341557,0,
2016-08-22T12:43:09.844357,341558,341558,341558,0,
2016-08-22T12:43:09.852169,341559,341559,341559,0,
2016-08-22T12:43:09.867795,341561,341561,341561,0,
2016-08-22T12:43:09.875607,341562,341562,341562,0,
2016-08-22T12:43:09.883419,341563,341563,341563,0,
2016-08-22T12:43:09.891232,341564,341564,341564,0,
2016-08-22T12:43:09.899045,341565,341565,341565,0,
2016-08-22T12:43:09.906857,341566,341566,341566,0,
2016-08-22T12:43:09.914669,341567,341567,341567,0,
2016-08-22T12:43:09.922482,341568,341568,341568,0,
2016-08-22T12:43:09.930295,341569,341569,341569,0,
2016-08-22T12:43:09.938107,341570,341570,341570,0,
2016-08-22T12:43:09.953732,341572,341572,341572,0,
2016-08-22T12:43:09.961545,341573,341573,341573,0,
2016-08-22T12:43:09.969357,341574,341574,341574,0,
2016-08-22T12:43:09.977169,341575,341575,341575,0,
2016-08-22T12:43:09.984982,341576,341576,341576,0,
2016-08-22T12:43:09.992795,341577,341577,341577,0,
2016-08-22T12:43:10.000607,341578,341578,341578,0,
2016-08-22T12:43:10.008419,341579,341579,341579,0,
2016-08-22T12:43:10.016232,341580,341580,341580,0,
2016-08-22T12:43:10.024045,341581,341581,341581,0,
2016-08-22T12:43:10.039669,341583,341583,341583,0,
2016-08-22T12:43:10.047482,341584,341584,341584,0,
2016-08-22T12:43:10.055295,341585,341585,341585,0,
2016-08-22T12:43:10.063107,341586,341586,341586,0,
2016-08-22T12:43:10.070919,341587,341587,341587,0,
2016-08-22T12:43:10.078732,341588,341588,341588,0,
2016-08-22T12:43:10.086545,341589,341589,341589,0,
2016-08-22T12:43:10.094357,341590,341590,341590,0,
2016-08-22T12:43:10.102169,341591,341591,341591,0,
2016-08-22T12:43:10.109982,341592,341592,341592,0,
2016-08-22T12:43:10.125607,341594,341594,341594,0,
2016-08-22T12:43:10.133419,341595,341595,341595,0,
2016-08-22T12:43:10.141232,341596,341596,341596,0,
2016-08-22T12:43:10.149045,341597,341597,341597,0,
2016-08-22T12:43:10.156857,341598,341598,341598,0,
2016-08-22T12:43:10.164669,341599,341599,341599,0,
2016-08-22T12:43:10.172482,341600,341600,341600,0,
2016-08-22T12:43:10.180295,341601,341601,341601,0,
2016-08-22T12:43:10.188107,341602,341602,341602,0,
2016-08-22T12:43:10.195919,341603,341603,341603,0,
2016-08-22T12:43:10.211545,341605,341605,341605,0,
2016-08-22T12:43:10.219357,341606,341606,341606,0,
2016-08-22T12:43:10.227169,341607,341607,341607,0,
2016-08-22T12:43:10.234982,341608,341608,341608,0,
2016-08-22T12:43:10.242795,341609,341609,341609,0,
2016-08-22T12:43:10.250607,341610,341610,341610,0,
2016-08-22T12:43:10.258419,341611,341611,341611,0,
2016-08-22T12:43:10.266232,341612,341612,341612,0,
2016-08-22T12:43:10.274045,341613,341613,341613,0,
2016-08-22T12:43:10.281857,341614,341614,341614,0,
2016-08-22T12:43:10.297482,341616,341616,341616,0,
2016-08-22T12:43:10.305295,341617,341617,341617,0,
2016-08-22T12:43:10.313107,341618,341618,341618,0,
2016-08-22T12:43:10.320919,341619,341619,341619,0,
2016-08-22T12:43:10.328732,341620,341620,341620,0,
2016-08-22T12:43:10.336545,341621,341621,341621,0,
2016-08-22T12:43:10.344357,341622,341622,341622,0,
2016-08-22T12:43:10.352169,341623,341623,341623,0,
2016-08-22T12:43:10.359982,341624,341624,341624,0,
2016-08-22T12:43:10.367795,341625,341625,341625,0,
2016-08-22T12:43:10.383419,341627,341627,341627,0,
2016-08-22T12:43:10.391232,341628,341628,341628,0,
2016-08-22T12:43:10.399045,341629,341629,341629,0,
2016-08-22T12:43:10.406857,341630,341630,341630,0,
2016-08-22T12:43:10.414669,341631,341631,341631,0,
2016-08-22T12:43:10.422482,341632,341632,341632,0,
2016-08-22T12:43:10.430295,341633,341633,341633,0,
2016-08-22T12:43:10.438107,341634,341634,341634,0,
2016-08-22T12:43:10.445919,341635,341635,341635,0,
2016-08-22T12:43:10.453732,341636,341636,341636,0,
2016-08-22T12:43:10.469357,341638,341638,341638,0,
2016-08-22T12:43:10.477169,341639,341639,341639,0,
2016-08-22T12:43:10.484982,341640,341640,341640,0,
2016-08-22T12:43:10.492795,341641,341641,341641,0,
2016-08-22T12:43:10.500607,341642,341642,341642,0,
2016-08-22T12:43:10.508419,341643,341643,341643,0,
2016-08-22T12:43:10.516232,341644,341644,341644,0,
2016-08-22T12:43:10.524045,341645,341645,341645,0,
2016-08-22T12:43:10.531857,341646,341646,341646,0,
2016-08-22T12:43:10.539669,341647,341647,341647,0,
2016-08-22T12:43:10.555295,341649,341649,341649,0,
2016-08-22T12:43:10.563107,341650,341650,341650,0,
2016-08-22T12:43:10.570919,341651,341651,341651,0,
2016-08-22T12:43:10.578732,341652,341652,341652,0,
2016-08-22T12:43:10.586545,341653,341653,341653,0,
2016-08-22T12:43:10.594357,341654,341654,341654,0,
2016-08-22T12:43:10.602169,341655,341655,341655,0,
2016-08-22T12:43:10.609982,341656,341656,341656,0,
2016-08-22T12:43:10.617795,341657,341657,341657,0,
2016-08-22T12:43:10.625607,341658,341658,341658,0,
2016-08-22T12:43:10.641232,341660,341660,341660,0,
2016-08-22T12:43:10.649045,341661,341661,341661,0,
2016-08-22T12:43:10.656857,341662,341662,341662,0,
2016-08-22T12:43:10.664669,341663,341663,341663,0,
2016-08-22T12:43:10.672482,341664,341664,341664,0,
2016-08-22T12:43:10.680295,341665,341665,341665,0,
2016-08-22T12:43:10.688107,341666,341666,341666,0,
2016-08-22T12:43:10.695919,341667,341667,341667,0,
2016-08-22T12:43:10.703732,341668,341668,341668,0,
2016-08-22T12:43:10.711545,341669,341669,341669,0,
2016-08-22T12:43:10.727169,341671,341671,341671,0,
2016-08-22T12:43:10.734982,341672,341672,341672,0,
2016-08-22T12:43:10.742795,341673,341673,341673,0,
2016-08-22T12:43:10.750607,341674,341674,341674,0,
2016-08-22T12:43:10.758419,341675,341675,341675,0,
2016-08-22T12:43:10.766232,341676,341676,341676,0,
2016-08-22T12:43:10.774045,341677,341677,341677,0,
2016-08-22T12:43:10.781857,341678,341678,341678,0,
2016-08-22T12:43:10.789669,341679,341679,341679,0,
2016-08-22T12:43:10.797482,341680,341680,341680,0,
2016-08-22T12:43:10.813107,341682,341682,341682,0,
2016-08-22T12:43:10.820919,341683,341683,341683,0,
2016-08-22T12:43:10.828732,341684,341684,341684,0,
2016-08-22T12:43:10.836545,341685,341685,341685,0,
2016-08-22T12:43:10.844357,341686,341686,341686,0,
2016-08-22T12:43:10.852169,341687,341687,341687,0,
2016-08-22T12:43:10.859982,341688,341688,341688,0,
2016-08-22T12:43:10.867795,341689,341689,341689,0,
2016-08-22T12:43:10.875607,341690,341690,341690,0,
2016-08-22T12:43:10.883419,341691,341691,341691,0,
2016-08-22T12:43:10.899045,341693,341693,341693,0,
2016-08-22T12:43:10.906857,341694,341694,341694,0,
2016-08-22T12:43:10.914669,341695,341695,341695,0,
2016-08-22T12:43:10.922482,341696,341696,341696,0,
2016-08-22T12:43:10.930295,341697,341697,341697,0,
2016-08-22T12:43:10.938107,341698,341698,341698,0,
2016-08-22T12:43:10.945919,341699,341699,341699,0,
2016-08-22T12:43:10.953732,341700,341700,341700,0,
2016-08-22T12:43:10.961545,341701,341701,341701,0,
2016-08-22T12:43:10.969357,341702,341702,341702,0,
2016-08-22T12:43:10.984982,341704,341704,341704,0,
2016-08-22T12:43:10.992795,341705,341705,341705,0,
2016-08-22T12:43:11.000607,341706,341706,341706,0,
2016-08-22T12:43:11.008419,341707,341707,341707,0,
2016-08-22T12:43:11.016232,341708,341708,341708,0,
2016-08-22T12:43:11.024045,341709,341709,341709,0,
2016-08-22T12:43:11.031857,341710,341710,341710,0,
2016-08-22T12:43:11.039669,341711,341711,341711,0,
2016-08-22T12:43:11.047482,341712,341712,341712,0,
2016-08-22T12:43:11.055295,341713,341713,341713,0,
2016-08-22T12:43:11.070919,341715,341715,341715,0,
2016-08-22T12:43:11.078732,341716,341716,341716,0,
2016-08-22T12:43:11.086545,341717,341717,341717,0,
2016-08-22T12:43:11.094357,341718,341718,341718,0,
2016-08-22T12:43:11.102169,341719,341719,341719,0,
2016-08-22T12:43:11.109982,341720,341720,341720,0,
2016-08-22T12:43:11.117795,341721,341721,341721,0,
2016-08-22T12:43:11.125607,341722,341722,341722,0,
2016-08-22T12:43:11.133419,341723,341723,341723,0,
2016-08-22T12:43:11.141232,341724,341724,341724,0,
2016-08-22T12:43:11.156857,341726,341726,341726,0,
2016-08-22T12:43:11.164669,341727,341727,341727,0,
2016-08-22T12:43:11.172482,341728,341728,341728,0,
2016-08-22T12:43:11.180295,341729,341729,341729,0,
2016-08-22T12:43:11.188107,341730,341730,341730,0,
2016-08-22T12:43:11.195919,341731,341731,341731,0,
2016-08-22T12:43:11.203732,341732,341732,341732,0,
2016-08-22T12:43:11.211545,341733,341733,341733,0,
2016-08-22T12:43:11.219357,341734,341734,341734,0,
2016-08-22T12:43:11.227169,341735,341735,341735,0,
2016-08-22T12:43:11.242795,341737,341737,341737,0,
2016-08-22T12:43:11.250607,341738,341738,341738,0,
2016-08-22T12:43:11.258419,341739,341739,341739,0,
2016-08-22T12:43:11.266232,341740,341740,341740,0,
2016-08-22T12:43:11.274045,341741,341741,341741,0,
2016-08-22T12:43:11.281857,341742,341742,341742,0,
2016-08-22T12:43:11.289669,341743,341743,341743,0,
2016-08-22T12:43:11.297482,341744,341744,341744,0,
2016-08-22T12:43:11.305295,341745,341745,341745,0,
2016-08-22T12:43:11.313107,341746,341746,341746,0,
2016-08-22T12:43:11.328732,341748,341748,341748,0,
2016-08-22T12:43:11.336545,341749,341749,341749,0,
2016-08-22T12:43:11.344357,341750,341750,341750,0,
2016-08-22T12:43:11.352169,341751,341751,341751,0,
2016-08-22T12:43:11.359982,341752,341752,341752,0,
2016-08-22T12:43:11.367795,341753,341753,341753,0,
2016-08-22T12:43:11.375607,341754,341754,341754,0,
2016-08-22T12:43:11.383419,341755,341755,341755,0,
2016-08-22T12:43:11.391232,341756,341756,341756,0,
2016-08-22T12:43:11.399045,341757,341757,341757,0,
2016-08-22T12:43:11.414669,341759,341759,341759,0,
2016-08-22T12:43:11.422482,341760,341760,341760,0,
2016-08-22T12:43:11.430295,341761,341761,341761,0,
2016-08-22T12:43:11.438107,341762,341762,341762,0,
2016-08-22T12:43:11.445919,341763,341763,341763,0,
2016-08-22T12:43:11.453732,341764,341764,341764,0,
2016-08-22T12:43:11.461545,341765,341765,341765,0,
2016-08-22T12:43:11.469357,341766,341766,341766,0,
2016-08-22T12:43:11.477169,341767,341767,341767,0,
2016-08-22T12:43:11.484982,341768,341768,341768,0,
2016-08-22T12:43:11.500607,341770,341770,341770,0,
2016-08-22T12:43:11.508419,341771,341771,341771,0,
2016-08-22T12:43:11.516232,341772,341772,341772,0,
2016-08-22T12:43:11.524045,341773,341773,341773,0,
2016-08-22T12:43:11.531857,341774,341774,341774,0,
2016-08-22T12:43:11.539669,341775,341775,341775,0,
2016-08-22T12:43:11.547482,341776,341776,341776,0,
2016-08-22T12:43:11.555295,341777,341777,341777,0,
2016-08-22T12:43:11.563107,341778,341778,341778,0,
2016-08-22T12:43:11.570919,341779,341779,341779,0,
2016-08-22T12:43:11.586545,341781,341781,341781,0,
2016-08-22T12:43:11.594357,341782,341782,341782,0,
2016-08-22T12:43:11.602169,341783,341783,341783,0,
2016-08-22T12:43:11.609982,341784,341784,341784,0,
2016-08-22T12:43:11.617795,341785,341785,341785,0,
2016-08-22T12:43:11.625607,341786,341786,341786,0,
2016-08-22T12:43:11.633419,341787,341787,341787,0,
2016-08-22T12:43:11.641232,341788,341788,341788,0,
2016-08-22T12:43:11.649045,341789,341789,341789,0,
2016-08-22T12:43:11.656857,341790,341790,341790,0,
2016-08-22T12:43:11.672482,341792,341792,341792,0,
2016-08-22T12:43:11.680295,341793,341793,341793,0,
2016-08-22T12:43:11.688107,341794,341794,341794,0,
2016-08-22T12:43:11.695919,341795,341795,341795,0,
2016-08-22T12:43:11.703732,341796,341796,341796,0,
2016-08-22T12:43:11.711545,341797,341797,341797,0,
2016-08-22T12:43:11.719357,341798,341798,341798,0,
2016-08-22T12:43:11.727169,341799,341799,341799,0,
2016-08-22T12:43:11.734982,341800,341800,341800,0,
2016-08-22T12:43:11.742795,341801,341801,341801,0,
2016-08-22T12:43:11.758419,341803,341803,341803,0,
2016-08-22T12:43:11.766232,341804,341804,341804,0,
2016-08-22T12:43:11.774045,341805,341805,341805,0,
2016-08-22T12:43:11.781857,341806,341806,341806,0,
2016-08-22T12:43:11.789669,341807,341807,341807,0,
2016-08-22T12:43:11.797482,341808,341808,341808,0,
2016-08-22T12:43:11.805295,341809,341809,341809,0,
2016-08-22T12:43:11.813107,341810,341810,341810,0,
2016-08-22T12:43:11.820919,341811,341811,341811,0,
2016-08-22T12:43:11.828732,341812,341812,341812,0,
2016-08-22T12:43:11.844357,341814,341814,341814,0,
2016-08-22T12:43:11.852169,341815,341815,341815,0,
2016-08-22T12:43:11.859982,341816,341816,341816,0,
2016-08-22T12:43:11.867795,341817,341817,341817,0,
2016-08-22T12:43:11.875607,341818,341818,341818,0,
2016-08-22T12:43:11.883419,341819,341819,341819,0,
2016-08-22T12:43:11.891232,341820,341820,341820,0,
2016-08-22T12:43:11.899045,341821,341821,341821,0,
2016-08-22T12:43:11.906857,341822,341822,341822,0,
2016-08-22T12:43:11.914669,341823,341823,341823,0,
2016-08-22T12:43:11.930295,341825,341825,341825,0,
2016-08-22T12:43:11.938107,341826,341826,341826,0,
2016-08-22T12:43:11.945919,341827,341827,341827,0,
2016-08-22T12:43:11.953732,341828,341828,341828,0,
2016-08-22T12:43:11.961545,341829,341829,341829,0,
2016-08-22T12:43:11.969357,341830,341830,341830,0,
2016-08-22T12:43:11.977169,341831,341831,341831,0,
2016-08-22T12:43:11.984982,341832,341832,341832,0,
2016-08-22T12:43:11.992795,341833,341833,341833,0,
2016-08-22T12:43:12.000607,341834,341834,341834,0,
2016-08-22T12:43:12.016232,341836,341836,341836,0,
2016-08-22T12:43:12.024045,341837,341837,341837,0,
2016-08-22T12:43:12.031857,341838,341838,341838,0,
2016-08-22T12:43:12.039669,341839,341839,341839,0,
2016-08-22T12:43:12.047482,341840,341840,341840,0,
2016-08-22T12:43:12.055295,341841,341841,341841,0,
2016-08-22T12:43:12.063107,341842,341842,341842,0,
2016-08-22T12:43:12.070919,341843,341843,341843,0,
2016-08-22T12:43:12.078732,341844,341844,341844,0,
2016-08-22T12:43:12.086545,341845,341845,341845,0,
2016-08-22T12:43:12.102169,341847,341847,341847,0,
2016-08-22T12:43:12.109982,341848,341848,341848,0,
2016-08-22T12:43:12.117795,341849,341849,341849,0,
2016-08-22T12:43:12.125607,341850,341850,341850,0,
2016-08-22T12:43:12.133419,341851,341851,341851,0,
2016-08-22T12:43:12.141232,341852,341852,341852,0,
2016-08-22T12:43:12.149045,341853,341853,341853,0,
2016-08-22T12:43:12.156857,341854,341854,341854,0,
2016-08-22T12:43:12.164669,341855,341855,341855,0,
2016-08-22T12:43:12.172482,341856,341856,341856,0,
2016-08-22T12:43:12.188107,341858,341858,341858,0,
2016-08-22T12:43:12.195919,341859,341859,341859,0,
2016-08-22T12:43:12.203732,341860,341860,341860,0,
2016-08-22T12:43:12.211545,341861,341861,341861,0,
2016-08-22T12:43:12.219357,341862,341862,341862,0,
2016-08-22T12:43:12.227169,341863,341863,341863,0,
2016-08-22T12:43:12.234982,341864,341864,341864,0,
2016-08-22T12:43:12.242795,341865,341865,341865,0,
2016-08-22T12:43:12.250607,341866,341866,341866,0,
2016-08-22T12:43:12.258419,341867,341867,341867,0,
2016-08-22T12:43:12.274045,341869,341869,341869,0,
2016-08-22T12:43:12.281857,341870,341870,341870,0,
2016-08-22T12:43:12.289669,341871,341871,341871,0,
2016-08-22T12:43:12.297482,341872,341872,341872,0,
2016-08-22T12:43:12.305295,341873,341873,341873,0,
2016-08-22T12:43:12.313107,341874,341874,341874,0,
2016-08-22T12:43:12.320919,341875,341875,341875,0,
2016-08-22T12:43:12.328732,341876,341876,341876,0,
2016-08-22T12:43:12.336545,341877,341877,341877,0,
2016-08-22T12:43:12.344357,341878,341878,341878,0,
2016-08-22T12:43:12.359982,341880,341880,341880,0,
2016-08-22T12:43:12.367795,341881,341881,341881,0,
2016-08-22T12:43:12.375607,341882,341882,341882,0,
2016-08-22T12:43:12.383419,341883,341883,341883,0,
2016-08-22T12:43:12.391232,341884,341884,341884,0,
2016-08-22T12:43:12.399045,341885,341885,341885,0,
2016-08-22T12:43:12.406857,341886,341886,341886,0,
2016-08-22T12:43:12.414669,341887,341887,341887,0,
2016-08-22T12:43:12.422482,341888,341888,341888,0,
2016-08-22T12:43:12.430295,341889,341889,341889,0,
2016-08-22T12:43:12.445919,341891,341891,341891,0,
2016-08-22T12:43:12.453732,341892,341892,341892,0,
2016-08-22T12:43:12.461545,341893,341893,341893,0,
2016-08-22T12:43:12.469357,341894,341894,341894,0,
2016-08-22T12:43:12.477169,341895,341895,341895,0,
2016-08-22T12:43:12.484982,341896,341896,341896,0,
2016-08-22T12:43:12.492795,341897,341897,341897,0,
2016-08-22T12:43:12.500607,341898,341898,341898,0,
2016-08-22T12:43:12.508419,341899,341899,341899,0,
2016-08-22T12:43:12.516232,341900,341900,341900,0,
2016-08-22T12:43:12.531857,341902,341902,341902,0,
2016-08-22T12:43:12.539669,341903,341903,341903,0,
2016-08-22T12:43:12.547482,341904,341904,341904,0,
2016-08-22T12:43:12.555295,341905,341905,341905,0,
2016-08-22T12:43:12.563107,341906,341906,341906,0,
2016-08-22T12:43:12.570919,341907,341907,341907,0,
2016-08-22T12:43:12.578732,341908,341908,341908,0,
2016-08-22T12:43:12.586545,341909,341909,341909,0,
2016-08-22T12:43:12.594357,341910,341910,341910,0,
2016-08-22T12:43:12.602169,341911,341911,341911,0,
2016-08-22T12:43:12.617795,341913,341913,341913,0,
2016-08-22T12:43:12.625607,341914,341914,341914,0,
2016-08-22T12:43:12.633419,341915,341915,341915,0,
2016-08-22T12:43:12.641232,341916,341916,341916,0,
2016-08-22T12:43:12.649045,341917,341917,341917,0,
2016-08-22T12:43:12.656857,341918,341918,341918,0,
2016-08-22T12:43:12.664669,341919,341919,341919,0,
2016-08-22T12:43:12.672482,341920,341920,341920,0,
2016-08-22T12:43:12.680295,341921,341921,341921,0,
2016-08-22T12:43:12.688107,341922,341922,341922,0,
2016-08-22T12:43:12.703732,341924,341924,341924,0,
2016-08-22T12:43:12.711545,341925,341925,341925,0,
2016-08-22T12:43:12.719357,341926,341926,341926,0,
2016-08-22T12:43:12.727169,341927,341927,341927,0,
2016-08-22T12:43:12.734982,341928,341928,341928,0,
2016-08-22T12:43:12.742795,341929,341929,341929,0,
2016-08-22T12:43:12.750607,341930,341930,341930,0,
2016-08-22T12:43:12.758419,341931,341931,341931,0,
2016-08-22T12:43:12.766232,341932,341932,341932,0,
2016-08-22T12:43:12.774045,341933,341933,341933,0,
2016-08-22T12:43:12.789669,341935,341935,341935,0,
2016-08-22T12:43:12.797482,341936,341936,341936,0,
2016-08-22T12:43:12.805295,341937,341937,341937,0,
2016-08-22T12:43:12.813107,341938,341938,341938,0,
2016-08-22T12:43:12.820919,341939,341939,341939,0,
2016-08-22T12:43:12.828732,341940,341940,341940,0,
2016-08-22T12:43:12.836545,341941,341941,341941,0,
2016-08-22T12:43:12.844357,341942,341942,341942,0,
2016-08-22T12:43:12.852169,341943,341943,341943,0,
2016-08-22T12:43:12.859982,341944,341944,341944,0,
2016-08-22T12:43:12.875607,341946,341946,341946,0,
2016-08-22T12:43:12.883419,341947,341947,341947,0,
2016-08-22T12:43:12.891232,341948,341948,341948,0,
2016-08-22T12:43:12.899045,341949,341949,341949,0,
2016-08-22T12:43:12.906857,341950,341950,341950,0,
2016-08-22T12:43:12.914669,341951,341951,341951,0,
2016-08-22T12:43:12.922482,341952,341952,341952,0,
2016-08-22T12:43:12.930295,341953,341953,341953,0,
2016-08-22T12:43:12.938107,341954,341954,341954,0,
2016-08-22T12:43:12.945919,341955,341955,341955,0,
2016-08-22T12:43:12.961545,341957,341957,341957,0,
2016-08-22T12:43:12.969357,341958,341958,341958,0,
2016-08-22T12:43:12.977169,341959,341959,341959,0,
2016-08-22T12:43:12.984982,341960,341960,341960,0,
2016-08-22T12:43:12.992795,341961,341961,341961,0,
2016-08-22T12:43:13.000607,341962,341962,341962,0,
2016-08-22T12:43:13.008419,341963,341963,341963,0,
2016-08-22T12:43:13.016232,341964,341964,341964,0,
2016-08-22T12:43:13.024045,341965,341965,341965,0,
2016-08-22T12:43:13.031857,341966,341966,341966,0,
2016-08-22T12:43:13.047482,341968,341968,341968,0,
2016-08-22T12:43:13.055295,341969,341969,341969,0,
2016-08-22T12:43:13.063107,341970,341970,341970,0,
2016-08-22T12:43:13.070919,341971,341971,341971,0,
2016-08-22T12:43:13.078732,341972,341972,341972,0,
2016-08-22T12:43:13.086545,341973,341973,341973,0,
2016-08-22T12:43:13.094357,341974,341974,341974,0,
2016-08-22T12:43:13.102169,341975,341975,341975,0,
2016-08-22T12:43:13.109982,341976,341976,341976,0,
2016-08-22T12:43:13.117795,341977,341977,341977,0,
2016-08-22T12:43:13.133419,341979,341979,341979,0,
2016-08-22T12:43:13.141232,341980,341980,341980,0,
2016-08-22T12:43:13.149045,341981,341981,341981,0,
2016-08-22T12:43:13.156857,341982,341982,341982,0,
2016-08-22T12:43:13.164669,341983,341983,341983,0,
2016-08-22T12:43:13.172482,341984,341984,341984,0,
2016-08-22T12:43:13.180295,341985,341985,341985,0,
2016-08-22T12:43:13.188107,341986,341986,341986,0,
2016-08-22T12:43:13.195919,341987,341987,341987,0,
2016-08-22T12:43:13.203732,341988,341988,341988,0,
2016-08-22T12:43:13.219357,341990,341990,341990,0,
2016-08-22T12:43:13.227169,341991,341991,341991,0,
2016-08-22T12:43:13.234982,341992,341992,341992,0,
2016-08-22T12:43:13.242795,341993,341993,341993,0,
2016-08-22T12:43:13.250607,341994,341994,341994,0,
2016-08-22T12:43:13.258419,341995,341995,341995,0,
2016-08-22T12:43:13.266232,341996,341996,341996,0,
2016-08-22T12:43:13.274045,341997,341997,341997,0,
2016-08-22T12:43:13.281857,341998,341998,341998,0,
2016-08-22T12:43:13.289669,341999,341999,341999,0,
2016-08-22T12:43:13.305295,342001,342001,342001,0,
2016-08-22T12:43:13.313107,342002,342002,342002,0,
2016-08-22T12:43:13.320919,342003,342003,342003,0,
2016-08-22T12:43:13.328732,342004,342004,342004,0,
2016-08-22T12:43:13.336545,342005,342005,342005,0,
2016-08-22T12:43:13.344357,342006,342006,342006,0,
2016-08-22T12:43:13.352169,342007,342007,342007,0,
2016-08-22T12:43:13.359982,342008,342008,342008,0,
2016-08-22T12:43:13.367795,342009,342009,342009,0,
2016-08-22T12:43:13.375607,342010,342010,342010,0,
2016-08-22T12:43:13.391232,342012,342012,342012,0,
2016-08-22T12:43:13.399045,342013,342013,342013,0,
2016-08-22T12:43:13.406857,342014,342014,342014,0,
2016-08-22T12:43:13.414669,342015,342015,342015,0,
2016-08-22T12:43:13.422482,342016,342016,342016,0,
2016-08-22T12:43:13.430295,342017,342017,342017,0,
2016-08-22T12:43:13.438107,342018,342018,342018,0,
2016-08-22T12:43:13.445919,342019,342019,342019,0,
2016-08-22T12:43:13.453732,342020,342020,342020,0,
2016-08-22T12:43:13.461545,342021,342021,342021,0,
2016-08-22T12:43:13.477169,342023,342023,342023,0,
2016-08-22T12:43:13.484982,342024,342024,342024,0,
2016-08-22T12:43:13.492795,342025,342025,342025,0,
2016-08-22T12:43:13.500607,342026,342026,342026,0,
2016-08-22T12:43:13.508419,342027,342027,342027,0,
2016-08-22T12:43:13.516232,342028,342028,342028,0,
2016-08-22T12:43:13.524045,342029,342029,342029,0,
2016-08-22T12:43:13.531857,342030,342030,342030,0,
2016-08-22T12:43:13.539669,342031,342031,342031,0,
2016-08-22T12:43:13.547482,342032,342032,342032,0,
2016-08-22T12:43:13.563107,342034,342034,342034,0,
2016-08-22T12:43:13.570919,342035,342035,342035,0,
2016-08-22T12:43:13.578732,342036,342036,342036,0,
2016-08-22T12:43:13.586545,342037,342037,342037,0,
2016-08-22T12:43:13.594357,342038,342038,342038,0,
2016-08-22T12:43:13.602169,342039,342039,342039,0,
2016-08-22T12:43:13.609982,342040,342040,342040,0,
2016-08-22T12:43:13.617795,342041,342041,342041,0,
2016-08-22T12:43:13.625607,342042,342042,342042,0,
2016-08-22T12:43:13.633419,342043,342043,342043,0,
2016-08-22T12:43:13.649045,342045,342045,342045,0,
2016-08-22T12:43:13.656857,342046,342046,342046,0,
2016-08-22T12:43:13.664669,342047,342047,342047,0,
2016-08-22T12:43:13.672482,342048,342048,342048,0,
2016-08-22T12:43:13.680295,342049,342049,342049,0,
2016-08-22T12:43:13.688107,342050,342050,342050,0,
2016-08-22T12:43:13.695919,342051,342051,342051,0,
2016-08-22T12:43:13.703732,342052,342052,342052,0,
2016-08-22T12:43:13.711545,342053,342053,342053,0,
2016-08-22T12:43:13.719357,342054,342054,342054,0,
2016-08-22T12:43:13.734982,342056,342056,342056,0,
2016-08-22T12:43:13.742795,342057,342057,342057,0,
2016-08-22T12:43:13.750607,342058,342058,342058,0,
2016-08-22T12:43:13.758419,342059,342059,342059,0,
2016-08-22T12:43:13.766232,342060,342060,342060,0,
2016-08-22T12:43:13.774045,342061,342061,342061,0,
2016-08-22T12:43:13.781857,342062,342062,342062,0,
2016-08-22T12:43:13.789669,342063,342063,342063,0,
2016-08-22T12:43:13.797482,342064,342064,342064,0,
2016-08-22T12:43:13.805295,342065,342065,342065,0,
2016-08-22T12:43:13.820919,342067,342067,342067,0,
2016-08-22T12:43:13.828732,342068,342068,342068,0,
2016-08-22T12:43:13.836545,342069,342069,342069,0,
2016-08-22T12:43:13.844357,342070,342070,342070,0,
2016-08-22T12:43:13.852169,342071,342071,342071,0,
2016-08-22T12:43:13.859982,342072,342072,342072,0,
2016-08-22T12:43:13.867795,342073,342073,342073,0,
2016-08-22T12:43:13.875607,342074,342074,342074,0,
2016-08-22T12:43:13.883419,342075,342075,342075,0,
2016-08-22T12:43:13.891232,342076,342076,342076,0,
2016-08-22T12:43:13.906857,342078,342078,342078,0,
2016-08-22T12:43:13.914669,342079,342079,342079,0,
2016-08-22T12:43:13.922482,342080,342080,342080,0,
2016-08-22T12:43:13.930295,342081,342081,342081,0,
2016-08-22T12:43:13.938107,342082,342082,342082,0,
2016-08-22T12:43:13.945919,342083,342083,342083,0,
2016-08-22T12:43:13.953732,342084,342084,342084,0,
2016-08-22T12:43:13.961545,342085,342085,342085,0,
2016-08-22T12:43:13.969357,342086,342086,342086,0,
2016-08-22T12:43:13.977169,342087,342087,342087,0,
2016-08-22T12:43:13.992795,342089,342089,342089,0,
2016-08-22T12:43:14.000607,342090,342090,342090,0,
2016-08-22T12:43:14.008419,342091,342091,342091,0,
2016-08-22T12:43:14.016232,342092,342092,342092,0,
2016-08-22T12:43:14.024045,342093,342093,342093,0,
2016-08-22T12:43:14.031857,342094,342094,342094,0,
2016-08-22T12:43:14.039669,342095,342095,342095,0,
2016-08-22T12:43:14.047482,342096,342096,342096,0,
2016-08-22T12:43:14.055295,342097,342097,342097,0,
2016-08-22T12:43:14.063107,342098,342098,342098,0,
2016-08-22T12:43:14.078732,342100,342100,342100,0,
2016-08-22T12:43:14.086545,342101,342101,342101,0,
2016-08-22T12:43:14.094357,342102,342102,342102,0,
2016-08-22T12:43:14.102169,342103,342103,342103,0,
2016-08-22T12:43:14.109982,342104,342104,342104,0,
2016-08-22T12:43:14.117795,342105,342105,342105,0,
2016-08-22T12:43:14.125607,342106,342106,342106,0,
2016-08-22T12:43:14.133419,342107,342107,342107,0,
2016-08-22T12:43:14.141232,342108,342108,342108,0,
2016-08-22T12:43:14.149045,342109,342109,342109,0,
2016-08-22T12:43:14.164669,342111,342111,342111,0,
2016-08-22T12:43:14.172482,342112,342112,342112,0,
2016-08-22T12:43:14.180295,342113,342113,342113,0,
2016-08-22T12:43:14.188107,342114,342114,342114,0,
2016-08-22T12:43:14.195919,342115,342115,342115,0,
2016-08-22T12:43:14.203732,342116,342116,342116,0,
2016-08-22T12:43:14.211545,342117,342117,342117,0,
2016-08-22T12:43:14.219357,342118,342118,342118,0,
2016-08-22T12:43:14.227169,342119,342119,342119,0,
2016-08-22T12:43:14.234982,342120,342120,342120,0,
2016-08-22T12:43:14.250607,342122,342122,342122,0,
2016-08-22T12:43:14.258419,342123,342123,342123,0,
2016-08-22T12:43:14.266232,342124,342124,342124,0,
2016-08-22T12:43:14.274045,342125,342125,342125,0,
2016-08-22T12:43:14.281857,342126,342126,342126,0,
2016-08-22T12:43:14.289669,342127,342127,342127,0,
2016-08-22T12:43:14.297482,342128,342128,342128,0,
2016-08-22T12:43:14.305295,342129,342129,342129,0,
2016-08-22T12:43:14.313107,342130,342130,342130,0,
2016-08-22T12:43:14.320919,342131,342131,342131,0,
2016-08-22T12:43:14.336545,342133,342133,342133,0,
2016-08-22T12:43:14.344357,342134,342134,342134,0,
2016-08-22T12:43:14.352169,342135,342135,342135,0,
2016-08-22T12:43:14.359982,342136,342136,342136,0,
2016-08-22T12:43:14.367795,342137,342137,342137,0,
2016-08-22T12:43:14.375607,342138,342138,342138,0,
2016-08-22T12:43:14.383419,342139,342139,342139,0,
2016-08-22T12:43:14.391232,342140,342140,342140,0,
2016-08-22T12:43:14.399045,342141,342141,342141,0,
2016-08-22T12:43:14.406857,342142,342142,342142,0,
2016-08-22T12:43:14.422482,342144,342144,342144,0,
2016-08-22T12:43:14.430295,342145,342145,342145,0,
2016-08-22T12:43:14.438107,342146,342146,342146,0,
2016-08-22T12:43:14.445919,342147,342147,342147,0,
2016-08-22T12:43:14.453732,342148,342148,342148,0,
2016-08-22T12:43:14.461545,342149,342149,342149,0,
2016-08-22T12:43:14.469357,342150,342150,342150,0,
2016-08-22T12:43:14.477169,342151,342151,342151,0,
2016-08-22T12:43:14.484982,342152,342152,342152,0,
2016-08-22T12:43:14.492795,342153,342153,342153,0,
2016-08-22T12:43:14.508419,342155,342155,342155,0,
2016-08-22T12:43:14.516232,342156,342156,342156,0,
2016-08-22T12:43:14.524045,342157,342157,342157,0,
2016-08-22T12:43:14.531857,342158,342158,342158,0,
2016-08-22T12:43:14.539669,342159,342159,342159,0,
2016-08-22T12:43:14.547482,342160,342160,342160,0,
2016-08-22T12:43:14.555295,342161,342161,342161,0,
2016-08-22T12:43:14.563107,342162,342162,342162,0,
2016-08-22T12:43:14.570919,342163,342163,342163,0,
2016-08-22T12:43:14.578732,342164,342164,342164,0,
2016-08-22T12:43:14.594357,342166,342166,342166,0,
2016-08-22T12:43:14.602169,342167,342167,342167,0,
2016-08-22T12:43:14.609982,342168,342168,342168,0,
2016-08-22T12:43:14.617795,342169,342169,342169,0,
2016-08-22T12:43:14.625607,342170,342170,342170,0,
2016-08-22T12:43:14.633419,342171,342171,342171,0,
2016-08-22T12:43:14.641232,342172,342172,342172,0,
2016-08-22T12:43:14.649045,342173,342173,342173,0,
2016-08-22T12:43:14.656857,342174,342174,342174,0,
2016-08-22T12:43:14.664669,342175,342175,342175,0,
2016-08-22T12:43:14.680295,342177,342177,342177,0,
2016-08-22T12:43:14.688107,342178,342178,342178,0,
2016-08-22T12:43:14.695919,342179,342179,342179,0,
2016-08-22T12:43:14.703732,342180,342180,342180,0,
2016-08-22T12:43:14.711545,342181,342181,342181,0,
2016-08-22T12:43:14.719357,342182,342182,342182,0,
2016-08-22T12:43:14.727169,342183,342183,342183,0,
2016-08-22T12:43:14.734982,342184,342184,342184,0,
2016-08-22T12:43:14.742795,342185,342185,342185,0,
2016-08-22T12:43:14.750607,342186,342186,342186,0,
2016-08-22T12:43:14.766232,342188,342188,342188,0,
2016-08-22T12:43:14.774045,342189,342189,342189,0,
2016-08-22T12:43:14.781857,342190,342190,342190,0,
2016-08-22T12:43:14.789669,342191,342191,342191,0,
2016-08-22T12:43:14.797482,342192,342192,342192,0,
2016-08-22T12:43:14.805295,342193,342193,342193,0,
2016-08-22T12:43:14.813107,342194,342194,342194,0,
2016-08-22T12:43:14.820919,342195,342195,342195,0,
2016-08-22T12:43:14.828732,342196,342196,342196,0,
2016-08-22T12:43:14.836545,342197,342197,342197,0,
2016-08-22T12:43:14.852169,342199,342199,342199,0,
2016-08-22T12:43:14.859982,342200,342200,342200,0,
2016-08-22T12:43:14.867795,342201,342201,342201,0,
2016-08-22T12:43:14.875607,342202,342202,342202,0,
2016-08-22T12:43:14.883419,342203,342203,342203,0,
2016-08-22T12:43:14.891232,342204,342204,342204,0,
2016-08-22T12:43:14.899045,342205,342205,342205,0,
2016-08-22T12:43:14.906857,342206,342206,342206,0,
2016-08-22T12:43:14.914669,342207,342207,342207,0,
2016-08-22T12:43:14.922482,342208,342208,342208,0,
2016-08-22T12:43:14.938107,342210,342210,342210,0,
2016-08-22T12:43:14.945919,342211,342211,342211,0,
2016-08-22T12:43:14.953732,342212,342212,342212,0,
2016-08-22T12:43:14.961545,342213,342213,342213,0,
2016-08-22T12:43:14.969357,342214,342214,342214,0,
2016-08-22T12:43:14.977169,342215,342215,342215,0,
2016-08-22T12:43:14.984982,342216,342216,342216,0,
2016-08-22T12:43:14.992795,342217,342217,342217,0,
2016-08-22T12:43:15.000607,342218,342218,342218,0,
2016-08-22T12:43:15.008419,342219,342219,342219,0,
2016-08-22T12:43:15.024045,342221,342221,342221,0,
2016-08-22T12:43:15.031857,342222,342222,342222,0,
2016-08-22T12:43:15.039669,342223,342223,342223,0,
2016-08-22T12:43:15.047482,342224,342224,342224,0,
2016-08-22T12:43:15.055295,342225,342225,342225,0,
2016-08-22T12:43:15.063107,342226,342226,342226,0,
2016-08-22T12:43:15.070919,342227,342227,342227,0,
2016-08-22T12:43:15.078732,342228,342228,342228,0,
2016-08-22T12:43:15.086545,342229,342229,342229,0,
2016-08-22T12:43:15.094357,342230,342230,342230,0,
2016-08-22T12:43:15.109982,342232,342232,342232,0,
2016-08-22T12:43:15.117795,342233,342233,342233,0,
2016-08-22T12:43:15.125607,342234,342234,342234,0,
2016-08-22T12:43:15.133419,342235,342235,342235,0,
2016-08-22T12:43:15.141232,342236,342236,342236,0,
2016-08-22T12:43:15.149045,342237,342237,342237,0,
2016-08-22T12:43:15.156857,342238,342238,342238,0,
2016-08-22T12:43:15.164669,342239,342239,342239,0,
2016-08-22T12:43:15.172482,342240,342240,342240,0,
2016-08-22T12:43:15.180295,342241,342241,342241,0,
2016-08-22T12:43:15.195919,342243,342243,342243,0,
2016-08-22T12:43:15.203732,342244,342244,342244,0,
2016-08-22T12:43:15.211545,342245,342245,342245,0,
2016-08-22T12:43:15.219357,342246,342246,342246,0,
2016-08-22T12:43:15.227169,342247,342247,342247,0,
2016-08-22T12:43:15.234982,342248,342248,342248,0,
2016-08-22T12:43:15.242795,342249,342249,342249,0,
2016-08-22T12:43:15.250607,342250,342250,342250,0,
2016-08-22T12:43:15.258419,342251,342251,342251,0,
2016-08-22T12:43:15.266232,342252,342252,342252,0,
2016-08-22T12:43:15.281857,342254,342254,342254,0,
2016-08-22T12:43:15.289669,342255,342255,342255,0,
2016-08-22T12:43:15.297482,342256,342256,342256,0,
2016-08-22T12:43:15.305295,342257,342257,342257,0,
2016-08-22T12:43:15.313107,342258,342258,342258,0,
2016-08-22T12:43:15.320919,342259,342259,342259,0,
2016-08-22T12:43:15.328732,342260,342260,342260,0,
2016-08-22T12:43:15.336545,342261,342261,342261,0,
2016-08-22T12:43:15.344357,342262,342262,342262,0,
2016-08-22T12:43:15.352169,342263,342263,342263,0,
2016-08-22T12:43:15.367795,342265,342265,342265,0,
2016-08-22T12:43:15.375607,342266,342266,342266,0,
2016-08-22T12:43:15.383419,342267,342267,342267,0,
2016-08-22T12:43:15.391232,342268,342268,342268,0,
2016-08-22T12:43:15.399045,342269,342269,342269,0,
2016-08-22T12:43:15.406857,342270,342270,342270,0,
2016-08-22T12:43:15.414669,342271,342271,342271,0,
2016-08-22T12:43:15.422482,342272,342272,342272,0,
2016-08-22T12:43:15.430295,342273,342273,342273,0,
2016-08-22T12:43:15.438107,342274,342274,342274,0,
2016-08-22T12:43:15.453732,342276,342276,342276,0,
2016-08-22T12:43:15.461545,342277,342277,342277,0,
2016-08-22T12:43:15.469357,342278,342278,342278,0,
2016-08-22T12:43:15.477169,342279,342279,342279,0,
2016-08-22T12:43:15.484982,342280,342280,342280,0,
2016-08-22T12:43:15.492795,342281,342281,342281,0,
2016-08-22T12:43:15.500607,342282,342282,342282,0,
2016-08-22T12:43:15.508419,342283,342283,342283,0,
2016-08-22T12:43:15.516232,342284,342284,342284,0,
2016-08-22T12:43:15.524045,342285,342285,342285,0,
2016-08-22T12:43:15.539669,342287,342287,342287,0,
2016-08-22T12:43:15.547482,342288,342288,342288,0,
2016-08-22T12:43:15.555295,342289,342289,342289,0,
2016-08-22T12:43:15.563107,342290,342290,342290,0,
2016-08-22T12:43:15.570919,342291,342291,342291,0,
2016-08-22T12:43:15.578732,342292,342292,342292,0,
2016-08-22T12:43:15.586545,342293,342293,342293,0,
2016-08-22T12:43:15.594357,342294,342294,342294,0,
2016-08-22T12:43:15.602169,342295,342295,342295,0,
2016-08-22T12:43:15.609982,342296,342296,342296,0,
2016-08-22T12:43:15.625607,342298,342298,342298,0,
2016-08-22T12:43:15.633419,342299,342299,342299,0,
2016-08-22T12:43:15.641232,342300,342300,342300,0,
2016-08-22T12:43:15.649045,342301,342301,342301,0,
2016-08-22T12:43:15.656857,342302,342302,342302,0,
2016-08-22T12:43:15.664669,342303,342303,342303,0,
2016-08-22T12:43:15.672482,342304,342304,342304,0,
2016-08-22T12:43:15.680295,342305,342305,342305,0,
2016-08-22T12:43:15.688107,342306,342306,342306,0,
2016-08-22T12:43:15.695919,342307,342307,342307,0,
2016-08-22T12:43:15.711545,342309,342309,342309,0,
2016-08-22T12:43:15.719357,342310,342310,342310,0,
2016-08-22T12:43:15.727169,342311,342311,342311,0,
2016-08-22T12:43:15.734982,342312,342312,342312,0,
2016-08-22T12:43:15.742795,342313,342313,342313,0,
2016-08-22T12:43:15.750607,342314,342314,342314,0,
2016-08-22T12:43:15.758419,342315,342315,342315,0,
2016-08-22T12:43:15.766232,342316,342316,342316,0,
2016-08-22T12:43:15.774045,342317,342317,342317,0,
2016-08-22T12:43:15.781857,342318,342318,342318,0,
2016-08-22T12:43:15.797482,342320,342320,342320,0,
2016-08-22T12:43:15.805295,342321,342321,342321,0,
2016-08-22T12:43:15.813107,342322,342322,342322,0,
2016-08-22T12:43:15.820919,342323,342323,342323,0,
2016-08-22T12:43:15.828732,342324,342324,342324,0,
2016-08-22T12:43:15.836545,342325,342325,342325,0,
2016-08-22T12:43:15.844357,342326,342326,342326,0,
2016-08-22T12:43:15.852169,342327,342327,342327,0,
2016-08-22T12:43:15.859982,342328,342328,342328,0,
2016-08-22T12:43:15.867795,342329,342329,342329,0,
2016-08-22T12:43:15.883419,342331,342331,342331,0,
2016-08-22T12:43:15.891232,342332,342332,342332,0,
2016-08-22T12:43:15.899045,342333,342333,342333,0,
2016-08-22T12:43:15.906857,342334,342334,342334,0,
2016-08-22T12:43:15.914669,342335,342335,342335,0,
2016-08-22T12:43:15.922482,342336,342336,342336,0,
2016-08-22T12:43:15.930295,342337,342337,342337,0,
2016-08-22T12:43:15.938107,342338,342338,342338,0,
2016-08-22T12:43:15.945919,342339,342339,342339,0,
2016-08-22T12:43:15.953732,342340,342340,342340,0,
2016-08-22T12:43:15.969357,342342,342342,342342,0,
2016-08-22T12:43:15.977169,342343,342343,342343,0,
2016-08-22T12:43:15.984982,342344,342344,342344,0,
2016-08-22T12:43:15.992795,342345,342345,342345,0,
2016-08-22T12:43:16.000607,342346,342346,342346,0,
2016-08-22T12:43:16.008419,342347,342347,342347,0,
2016-08-22T12:43:16.016232,342348,342348,342348,0,
2016-08-22T12:43:16.024045,342349,342349,342349,0,
2016-08-22T12:43:16.031857,342350,342350,342350,0,
2016-08-22T12:43:16.039669,342351,342351,342351,0,
2016-08-22T12:43:16.055295,342353,342353,342353,0,
2016-08-22T12:43:16.063107,342354,342354,342354,0,
2016-08-22T12:43:16.070919,342355,342355,342355,0,
2016-08-22T12:43:16.078732,342356,342356,342356,0,
2016-08-22T12:43:16.086545,342357,342357,342357,0,
2016-08-22T12:43:16.094357,342358,342358,342358,0,
2016-08-22T12:43:16.102169,342359,342359,342359,0,
2016-08-22T12:43:16.109982,342360,342360,342360,0,
2016-08-22T12:43:16.117795,342361,342361,342361,0,
2016-08-22T12:43:16.125607,342362,342362,342362,0,
2016-08-22T12:43:16.141232,342364,342364,342364,0,
2016-08-22T12:43:16.149045,342365,342365,342365,0,
2016-08-22T12:43:16.156857,342366,342366,342366,0,
2016-08-22T12:43:16.164669,342367,342367,342367,0,
2016-08-22T12:43:16.172482,342368,342368,342368,0,
2016-08-22T12:43:16.180295,342369,342369,342369,0,
2016-08-22T12:43:16.188107,342370,342370,342370,0,
2016-08-22T12:43:16.195919,342371,342371,342371,0,
2016-08-22T12:43:16.203732,342372,342372,342372,0,
2016-08-22T12:43:16.211545,342373,342373,342373,0,
2016-08-22T12:43:16.227169,342375,342375,342375,0,
2016-08-22T12:43:16.234982,342376,342376,342376,0,
2016-08-22T12:43:16.242795,342377,342377,342377,0,
2016-08-22T12:43:16.250607,342378,342378,342378,0,
2016-08-22T12:43:16.258419,342379,342379,342379,0,
2016-08-22T12:43:16.266232,342380,342380,342380,0,
2016-08-22T12:43:16.274045,342381,342381,342381,0,
2016-08-22T12:43:16.281857,342382,342382,342382,0,
2016-08-22T12:43:16.289669,342383,342383,342383,0,
2016-08-22T12:43:16.297482,342384,342384,342384,0,
2016-08-22T12:43:16.313107,342386,342386,342386,0,
2016-08-22T12:43:16.320919,342387,342387,342387,0,
2016-08-22T12:43:16.328732,342388,342388,342388,0,
2016-08-22T12:43:16.336545,342389,342389,342389,0,
2016-08-22T12:43:16.344357,342390,342390,342390,0,
2016-08-22T12:43:16.352169,342391,342391,342391,0,
2016-08-22T12:43:16.359982,342392,342392,342392,0,
2016-08-22T12:43:16.367795,342393,342393,342393,0,
2016-08-22T12:43:16.375607,342394,342394,342394,0,
2016-08-22T12:43:16.383419,342395,342395,342395,0,
2016-08-22T12:43:16.399045,342397,342397,342397,0,
2016-08-22T12:43:16.406857,342398,342398,342398,0,
2016-08-22T12:43:16.414669,342399,342399,342399,0,
2016-08-22T12:43:16.422482,342400,342400,342400,0,
2016-08-22T12:43:16.430295,342401,342401,342401,0,
2016-08-22T12:43:16.438107,342402,342402,342402,0,
2016-08-22T12:43:16.445919,342403,342403,342403,0,
2016-08-22T12:43:16.453732,342404,342404,342404,0,
2016-08-22T12:43:16.461545,342405,342405,342405,0,
2016-08-22T12:43:16.469357,342406,342406,342406,0,
2016-08-22T12:43:16.484982,342408,342408,342408,0,
2016-08-22T12:43:16.492795,342409,342409,342409,0,
2016-08-22T12:43:16.500607,342410,342410,342410,0,
2016-08-22T12:43:16.508419,342411,342411,342411,0,
2016-08-22T12:43:16.516232,342412,342412,342412,0,
2016-08-22T12:43:16.524045,342413,342413,342413,0,
2016-08-22T12:43:16.531857,342414,342414,342414,0,
2016-08-22T12:43:16.539669,342415,342415,342415,0,
2016-08-22T12:43:16.547482,342416,342416,342416,0,
2016-08-22T12:43:16.555295,342417,342417,342417,0,
2016-08-22T12:43:16.570919,342419,342419,342419,0,
2016-08-22T12:43:16.578732,342420,342420,342420,0,
2016-08-22T12:43:16.586545,342421,342421,342421,0,
2016-08-22T12:43:16.594357,342422,342422,342422,0,
2016-08-22T12:43:16.602169,342423,342423,342423,0,
2016-08-22T12:43:16.609982,342424,342424,342424,0,
2016-08-22T12:43:16.617795,342425,342425,342425,0,
2016-08-22T12:43:16.625607,342426,342426,342426,0,
2016-08-22T12:43:16.633419,342427,342427,342427,0,
2016-08-22T12:43:16.641232,342428,342428,342428,0,
2016-08-22T12:43:16.656857,342430,342430,342430,0,
2016-08-22T12:43:16.664669,342431,342431,342431,0,
2016-08-22T12:43:16.672482,342432,342432,342432,0,
2016-08-22T12:43:16.680295,342433,342433,342433,0,
2016-08-22T12:43:16.688107,342434,342434,342434,0,
2016-08-22T12:43:16.695919,342435,342435,342435,0,
2016-08-22T12:43:16.703732,342436,342436,342436,0,
2016-08-22T12:43:16.711545,342437,342437,342437,0,
2016-08-22T12:43:16.719357,342438,342438,342438,0,
2016-08-22T12:43:16.727169,342439,342439,342439,0,
2016-08-22T12:43:16.742795,342441,342441,342441,0,
2016-08-22T12:43:16.750607,342442,342442,342442,0,
2016-08-22T12:43:16.758419,342443,342443,342443,0,
2016-08-22T12:43:16.766232,342444,342444,342444,0,
2016-08-22T12:43:16.774045,342445,342445,342445,0,
2016-08-22T12:43:16.781857,342446,342446,342446,0,
2016-08-22T12:43:16.789669,342447,342447,342447,0,
2016-08-22T12:43:16.797482,342448,342448,342448,0,
2016-08-22T12:43:16.805295,342449,342449,342449,0,
2016-08-22T12:43:16.813107,342450,342450,342450,0,
2016-08-22T12:43:16.828732,342452,342452,342452,0,
2016-08-22T12:43:16.836545,342453,342453,342453,0,
2016-08-22T12:43:16.844357,342454,342454,342454,0,
2016-08-22T12:43:16.852169,342455,342455,342455,0,
2016-08-22T12:43:16.859982,342456,342456,342456,0,
2016-08-22T12:43:16.867795,342457,342457,342457,0,
2016-08-22T12:43:16.875607,342458,342458,342458,0,
2016-08-22T12:43:16.883419,342459,342459,342459,0,
2016-08-22T12:43:16.891232,342460,342460,342460,0,
2016-08-22T12:43:16.899045,342461,342461,342461,0,
2016-08-22T12:43:16.914669,342463,342463,342463,0,
2016-08-22T12:43:16.922482,342464,342464,342464,0,
2016-08-22T12:43:16.930295,342465,342465,342465,0,
2016-08-22T12:43:16.938107,342466,342466,342466,0,
2016-08-22T12:43:16.945919,342467,342467,342467,0,
2016-08-22T12:43:16.953732,342468,342468,342468,0,
2016-08-22T12:43:16.961545,342469,342469,342469,0,
2016-08-22T12:43:16.969357,342470,342470,342470,0,
2016-08-22T12:43:16.977169,342471,342471,342471,0,
2016-08-22T12:43:16.984982,342472,342472,342472,0,
2016-08-22T12:43:17.000607,342474,342474,342474,0,
2016-08-22T12:43:17.008419,342475,342475,342475,0,
2016-08-22T12:43:17.016232,342476,342476,342476,0,
2016-08-22T12:43:17.024045,342477,342477,342477,0,
2016-08-22T12:43:17.031857,342478,342478,342478,0,
2016-08-22T12:43:17.039669,342479,342479,342479,0,
2016-08-22T12:43:17.047482,342480,342480,342480,0,
2016-08-22T12:43:17.055295,342481,342481,342481,0,
2016-08-22T12:43:17.063107,342482,342482,342482,0,
2016-08-22T12:43:17.070919,342483,342483,342483,0,
2016-08-22T12:43:17.086545,342485,342485,342485,0,
2016-08-22T12:43:17.094357,342486,342486,342486,0,
2016-08-22T12:43:17.102169,342487,342487,342487,0,
2016-08-22T12:43:17.109982,342488,342488,342488,0,
2016-08-22T12:43:17.117795,342489,342489,342489,0,
2016-08-22T12:43:17.125607,342490,342490,342490,0,
2016-08-22T12:43:17.133419,342491,342491,342491,0,
2016-08-22T12:43:17.141232,342492,342492,342492,0,
2016-08-22T12:43:17.149045,342493,342493,342493,0,
2016-08-22T12:43:17.156857,342494,342494,342494,0,
2016-08-22T12:43:17.172482,342496,342496,342496,0,
2016-08-22T12:43:17.180295,342497,342497,342497,0,
2016-08-22T12:43:17.188107,342498,342498,342498,0,
2016-08-22T12:43:17.195919,342499,342499,342499,0,
2016-08-22T12:43:17.203732,342500,342500,342500,0,
2016-08-22T12:43:17.211545,342501,342501,342501,0,
2016-08-22T12:43:17.219357,342502,342502,342502,0,
2016-08-22T12:43:17.227169,342503,342503,342503,0,
2016-08-22T12:43:17.234982,342504,342504,342504,0,
2016-08-22T12:43:17.242795,342505,342505,342505,0,
2016-08-22T12:43:17.258419,342507,342507,342507,0,
2016-08-22T12:43:17.266232,342508,342508,342508,0,
2016-08-22T12:43:17.274045,342509,342509,342509,0,
2016-08-22T12:43:17.281857,342510,342510,342510,0,
2016-08-22T12:43:17.289669,342511,342511,342511,0,
2016-08-22T12:43:17.297482,342512,342512,342512,0,
2016-08-22T12:43:17.305295,342513,342513,342513,0,
2016-08-22T12:43:17.313107,342514,342514,342514,0,
2016-08-22T12:43:17.320919,342515,342515,342515,0,
2016-08-22T12:43:17.328732,342516,342516,342516,0,
2016-08-22T12:43:17.344357,342518,342518,342518,0,
2016-08-22T12:43:17.352169,342519,342519,342519,0,
2016-08-22T12:43:17.359982,342520,342520,342520,0,
2016-08-22T12:43:17.367795,342521,342521,342521,0,
2016-08-22T12:43:17.375607,342522,342522,342522,0,
2016-08-22T12:43:17.383419,342523,342523,342523,0,
2016-08-22T12:43:17.391232,342524,342524,342524,0,
2016-08-22T12:43:17.399045,342525,342525,342525,0,
2016-08-22T12:43:17.406857,342526,342526,342526,0,
2016-08-22T12:43:17.414669,342527,342527,342527,0,
2016-08-22T12:43:17.430295,342529,342529,342529,0,
2016-08-22T12:43:17.438107,342530,342530,342530,0,
2016-08-22T12:43:17.445919,342531,342531,342531,0,
2016-08-22T12:43:17.453732,342532,342532,342532,0,
2016-08-22T12:43:17.461545,342533,342533,342533,0,
2016-08-22T12:43:17.469357,342534,342534,342534,0,
2016-08-22T12:43:17.477169,342535,342535,342535,0,
2016-08-22T12:43:17.484982,342536,342536,342536,0,
2016-08-22T12:43:17.492795,342537,342537,342537,0,
2016-08-22T12:43:17.500607,342538,342538,342538,0,
2016-08-22T12:43:17.516232,342540,342540,342540,0,
2016-08-22T12:43:17.524045,342541,342541,342541,0,
2016-08-22T12:43:17.531857,342542,342542,342542,0,
2016-08-22T12:43:17.539669,342543,342543,342543,0,
2016-08-22T12:43:17.547482,342544,342544,342544,0,
2016-08-22T12:43:17.555295,342545,342545,342545,0,
2016-08-22T12:43:17.563107,342546,342546,342546,0,
2016-08-22T12:43:17.570919,342547,342547,342547,0,
2016-08-22T12:43:17.578732,342548,342548,342548,0,
2016-08-22T12:43:17.586545,342549,342549,342549,0,
2016-08-22T12:43:17.602169,342551,342551,342551,0,
2016-08-22T12:43:17.609982,342552,342552,342552,0,
2016-08-22T12:43:17.617795,342553,342553,342553,0,
2016-08-22T12:43:17.625607,342554,342554,342554,0,
2016-08-22T12:43:17.633419,342555,342555,342555,0,
2016-08-22T12:43:17.641232,342556,342556,342556,0,
2016-08-22T12:43:17.649045,342557,342557,342557,0,
2016-08-22T12:43:17.656857,342558,342558,342558,0,
2016-08-22T12:43:17.664669,342559,342559,342559,0,
2016-08-22T12:43:17.672482,342560,342560,342560,0,
2016-08-22T12:43:17.688107,342562,342562,342562,0,
2016-08-22T12:43:17.695919,342563,342563,342563,0,
2016-08-22T12:43:17.703732,342564,342564,342564,0,
2016-08-22T12:43:17.711545,342565,342565,342565,0,
2016-08-22T12:43:17.719357,342566,342566,342566,0,
2016-08-22T12:43:17.727169,342567,342567,342567,0,
2016-08-22T12:43:17.734982,342568,342568,342568,0,
2016-08-22T12:43:17.742795,342569,342569,342569,0,
2016-08-22T12:43:17.750607,342570,342570,342570,0,
2016-08-22T12:43:17.758419,342571,342571,342571,0,
2016-08-22T12:43:17.774045,342573,342573,342573,0,
2016-08-22T12:43:17.781857,342574,342574,342574,0,
2016-08-22T12:43:17.789669,342575,342575,342575,0,
2016-08-22T12:43:17.797482,342576,342576,342576,0,
2016-08-22T12:43:17.805295,342577,342577,342577,0,
2016-08-22T12:43:17.813107,342578,342578,342578,0,
2016-08-22T12:43:17.820919,342579,342579,342579,0,
2016-08-22T12:43:17.828732,342580,342580,342580,0,
2016-08-22T12:43:17.836545,342581,342581,342581,0,
2016-08-22T12:43:17.844357,342582,342582,342582,0,
2016-08-22T12:43:17.859982,342584,342584,342584,0,
2016-08-22T12:43:17.867795,342585,342585,342585,0,
2016-08-22T12:43:17.875607,342586,342586,342586,0,
2016-08-22T12:43:17.883419,342587,342587,342587,0,
2016-08-22T12:43:17.891232,342588,342588,342588,0,
2016-08-22T12:43:17.899045,342589,342589,342589,0,
2016-08-22T12:43:17.906857,342590,342590,342590,0,
2016-08-22T12:43:17.914669,342591,342591,342591,0,
2016-08-22T12:43:17.922482,342592,342592,342592,0,
2016-08-22T12:43:17.930295,342593,342593,342593,0,
2016-08-22T12:43:17.945919,342595,342595,342595,0,
2016-08-22T12:43:17.953732,342596,342596,342596,0,
2016-08-22T12:43:17.961545,342597,342597,342597,0,
2016-08-22T12:43:17.969357,342598,342598,342598,0,
2016-08-22T12:43:17.977169,342599,342599,342599,0,
2016-08-22T12:43:17.984982,342600,342600,342600,0,
2016-08-22T12:43:17.992795,342601,342601,342601,0,
2016-08-22T12:43:18.000607,342602,342602,342602,0,
2016-08-22T12:43:18.008419,342603,342603,342603,0,
2016-08-22T12:43:18.016232,342604,342604,342604,0,
2016-08-22T12:43:18.031857,342606,342606,342606,0,
2016-08-22T12:43:18.039669,342607,342607,342607,0,
2016-08-22T12:43:18.047482,342608,342608,342608,0,
2016-08-22T12:43:18.055295,342609,342609,342609,0,
2016-08-22T12:43:18.063107,342610,342610,342610,0,
2016-08-22T12:43:18.070919,342611,342611,342611,0,
2016-08-22T12:43:18.078732,342612,342612,342612,0,
2016-08-22T12:43:18.086545,342613,342613,342613,0,
2016-08-22T12:43:18.094357,342614,342614,342614,0,
2016-08-22T12:43:18.102169,342615,342615,342615,0,
2016-08-22T12:43:18.117795,342617,342617,342617,0,
2016-08-22T12:43:18.125607,342618,342618,342618,0,
2016-08-22T12:43:18.133419,342619,342619,342619,0,
2016-08-22T12:43:18.141232,342620,342620,342620,0,
2016-08-22T12:43:18.149045,342621,342621,342621,0,
2016-08-22T12:43:18.156857,342622,342622,342622,0,
2016-08-22T12:43:18.164669,342623,342623,342623,0,
2016-08-22T12:43:18.172482,342624,342624,342624,0,
2016-08-22T12:43:18.180295,342625,342625,342625,0,
2016-08-22T12:43:18.188107,342626,342626,342626,0,
2016-08-22T12:43:18.203732,342628,342628,342628,0,
2016-08-22T12:43:18.211545,342629,342629,342629,0,
2016-08-22T12:43:18.219357,342630,342630,342630,0,
2016-08-22T12:43:18.227169,342631,342631,342631,0,
2016-08-22T12:43:18.234982,342632,342632,342632,0,
2016-08-22T12:43:18.242795,342633,342633,342633,0,
2016-08-22T12:43:18.250607,342634,342634,342634,0,
2016-08-22T12:43:18.258419,342635,342635,342635,0,
2016-08-22T12:43:18.266232,342636,342636,342636,0,
2016-08-22T12:43:18.274045,342637,342637,342637,0,
2016-08-22T12:43:18.289669,342639,342639,342639,0,
2016-08-22T12:43:18.297482,342640,342640,342640,0,
2016-08-22T12:43:18.305295,342641,342641,342641,0,
2016-08-22T12:43:18.313107,342642,342642,342642,0,
2016-08-22T12:43:18.320919,342643,342643,342643,0,
2016-08-22T12:43:18.328732,342644,342644,342644,0,
2016-08-22T12:43:18.336545,342645,342645,342645,0,
2016-08-22T12:43:18.344357,342646,342646,342646,0,
2016-08-22T12:43:18.352169,342647,342647,342647,0,
2016-08-22T12:43:18.359982,342648,342648,342648,0,
2016-08-22T12:43:18.375607,342650,342650,342650,0,
2016-08-22T12:43:18.383419,342651,342651,342651,0,
2016-08-22T12:43:18.391232,342652,342652,342652,0,
2016-08-22T12:43:18.399045,342653,342653,342653,0,
2016-08-22T12:43:18.406857,342654,342654,342654,0,
2016-08-22T12:43:18.414669,342655,342655,342655,0,
2016-08-22T12:43:18.422482,342656,342656,342656,0,
2016-08-22T12:43:18.430295,342657,342657,342657,0,
2016-08-22T12:43:18.438107,342658,342658,342658,0,
2016-08-22T12:43:18.445919,342659,342659,342659,0,
2016-08-22T12:43:18.461545,342661,342661,342661,0,
2016-08-22T12:43:18.469357,342662,342662,342662,0,
2016-08-22T12:43:18.477169,342663,342663,342663,0,
2016-08-22T12:43:18.484982,342664,342664,342664,0,
2016-08-22T12:43:18.492795,342665,342665,342665,0,
2016-08-22T12:43:18.500607,342666,342666,342666,0,
2016-08-22T12:43:18.508419,342667,342667,342667,0,
2016-08-22T12:43:18.516232,342668,342668,342668,0,
2016-08-22T12:43:18.524045,342669,342669,342669,0,
2016-08-22T12:43:18.531857,342670,342670,342670,0,
2016-08-22T12:43:18.547482,342672,342672,342672,0,
2016-08-22T12:43:18.555295,342673,342673,342673,0,
2016-08-22T12:43:18.563107,342674,342674,342674,0,
2016-08-22T12:43:18.570919,342675,342675,342675,0,
2016-08-22T12:43:18.578732,342676,342676,342676,0,
2016-08-22T12:43:18.586545,342677,342677,342677,0,
2016-08-22T12:43:18.594357,342678,342678,342678,0,
2016-08-22T12:43:18.602169,342679,342679,342679,0,
2016-08-22T12:43:18.609982,342680,342680,342680,0,
2016-08-22T12:43:18.617795,342681,342681,342681,0,
2016-08-22T12:43:18.633419,342683,342683,342683,0,
2016-08-22T12:43:18.641232,342684,342684,342684,0,
2016-08-22T12:43:18.649045,342685,342685,342685,0,
2016-08-22T12:43:18.656857,342686,342686,342686,0,
2016-08-22T12:43:18.664669,342687,342687,342687,0,
2016-08-22T12:43:18.672482,342688,342688,342688,0,
2016-08-22T12:43:18.680295,342689,342689,342689,0,
2016-08-22T12:43:18.688107,342690,342690,342690,0,
2016-08-22T12:43:18.695919,342691,342691,342691,0,
2016-08-22T12:43:18.703732,342692,342692,342692,0,
2016-08-22T12:43:18.719357,342694,342694,342694,0,
2016-08-22T12:43:18.727169,342695,342695,342695,0,
2016-08-22T12:43:18.734982,342696,342696,342696,0,
2016-08-22T12:43:18.742795,342697,342697,342697,0,
2016-08-22T12:43:18.750607,342698,342698,342698,0,
2016-08-22T12:43:18.758419,342699,342699,342699,0,
2016-08-22T12:43:18.766232,342700,342700,342700,0,
2016-08-22T12:43:18.774045,342701,342701,342701,0,
2016-08-22T12:43:18.781857,342702,342702,342702,0,
2016-08-22T12:43:18.789669,342703,342703,342703,0,
2016-08-22T12:43:18.805295,342705,342705,342705,0,
2016-08-22T12:43:18.813107,342706,342706,342706,0,
2016-08-22T12:43:18.820919,342707,342707,342707,0,
2016-08-22T12:43:18.828732,342708,342708,342708,0,
2016-08-22T12:43:18.836545,342709,342709,342709,0,
2016-08-22T12:43:18.844357,342710,342710,342710,0,
2016-08-22T12:43:18.852169,342711,342711,342711,0,
2016-08-22T12:43:18.859982,342712,342712,342712,0,
2016-08-22T12:43:18.867795,342713,342713,342713,0,
2016-08-22T12:43:18.875607,342714,342714,342714,0,
2016-08-22T12:43:18.891232,342716,342716,342716,0,
2016-08-22T12:43:18.899045,342717,342717,342717,0,
2016-08-22T12:43:18.906857,342718,342718,342718,0,
2016-08-22T12:43:18.914669,342719,342719,342719,0,
2016-08-22T12:43:18.922482,342720,342720,342720,0,
2016-08-22T12:43:18.930295,342721,342721,342721,0,
2016-08-22T12:43:18.938107,342722,342722,342722,0,
2016-08-22T12:43:18.945919,342723,342723,342723,0,
2016-08-22T12:43:18.953732,342724,342724,342724,0,
2016-08-22T12:43:18.961545,342725,342725,342725,0,
2016-08-22T12:43:18.977169,342727,342727,342727,0,
2016-08-22T12:43:18.984982,342728,342728,342728,0,
2016-08-22T12:43:18.992795,342729,342729,342729,0,
2016-08-22T12:43:19.000607,342730,342730,342730,0,
2016-08-22T12:43:19.008419,342731,342731,342731,0,
2016-08-22T12:43:19.016232,342732,342732,342732,0,
2016-08-22T12:43:19.024045,342733,342733,342733,0,
2016-08-22T12:43:19.031857,342734,342734,342734,0,
2016-08-22T12:43:19.039669,342735,342735,342735,0,
2016-08-22T12:43:19.047482,342736,342736,342736,0,
2016-08-22T12:43:19.063107,342738,342738,342738,0,
2016-08-22T12:43:19.070919,342739,342739,342739,0,
2016-08-22T12:43:19.078732,342740,342740,342740,0,
2016-08-22T12:43:19.086545,342741,342741,342741,0,
2016-08-22T12:43:19.094357,342742,342742,342742,0,
2016-08-22T12:43:19.102169,342743,342743,342743,0,
2016-08-22T12:43:19.109982,342744,342744,342744,0,
2016-08-22T12:43:19.117795,342745,342745,342745,0,
2016-08-22T12:43:19.125607,342746,342746,342746,0,
2016-08-22T12:43:19.133419,342747,342747,342747,0,
2016-08-22T12:43:19.149045,342749,342749,342749,0,
2016-08-22T12:43:19.156857,342750,342750,342750,0,
2016-08-22T12:43:19.164669,342751,342751,342751,0,
2016-08-22T12:43:19.172482,342752,342752,342752,0,
2016-08-22T12:43:19.180295,342753,342753,342753,0,
2016-08-22T12:43:19.188107,342754,342754,342754,0,
2016-08-22T12:43:19.195919,342755,342755,342755,0,
2016-08-22T12:43:19.203732,342756,342756,342756,0,
2016-08-22T12:43:19.211545,342757,342757,342757,0,
2016-08-22T12:43:19.219357,342758,342758,342758,0,
2016-08-22T12:43:19.234982,342760,342760,342760,0,
2016-08-22T12:43:19.242795,342761,342761,342761,0,
2016-08-22T12:43:19.250607,342762,342762,342762,0,
2016-08-22T12:43:19.258419,342763,342763,342763,0,
2016-08-22T12:43:19.266232,342764,342764,342764,0,
2016-08-22T12:43:19.274045,342765,342765,342765,0,
2016-08-22T12:43:19.281857,342766,342766,342766,0,
2016-08-22T12:43:19.289669,342767,342767,342767,0,
2016-08-22T12:43:19.297482,342768,342768,342768,0,
2016-08-22T12:43:19.305295,342769,342769,342769,0,
2016-08-22T12:43:19.320919,342771,342771,342771,0,
2016-08-22T12:43:19.328732,342772,342772,342772,0,
2016-08-22T12:43:19.336545,342773,342773,342773,0,
2016-08-22T12:43:19.344357,342774,342774,342774,0,
2016-08-22T12:43:19.352169,342775,342775,342775,0,
2016-08-22T12:43:19.359982,342776,342776,342776,0,
2016-08-22T12:43:19.367795,342777,342777,342777,0,
2016-08-22T12:43:19.375607,342778,342778,342778,0,
2016-08-22T12:43:19.383419,342779,342779,342779,0,
2016-08-22T12:43:19.391232,342780,342780,342780,0,
2016-08-22T12:43:19.406857,342782,342782,342782,0,
2016-08-22T12:43:19.414669,342783,342783,342783,0,
2016-08-22T12:43:19.422482,342784,342784,342784,0,
2016-08-22T12:43:19.430295,342785,342785,342785,0,
2016-08-22T12:43:19.438107,342786,342786,342786,0,
2016-08-22T12:43:19.445919,342787,342787,342787,0,
2016-08-22T12:43:19.453732,342788,342788,342788,0,
2016-08-22T12:43:19.461545,342789,342789,342789,0,
2016-08-22T12:43:19.469357,342790,342790,342790,0,
2016-08-22T12:43:19.477169,342791,342791,342791,0,
2016-08-22T12:43:19.492795,342793,342793,342793,0,
2016-08-22T12:43:19.500607,342794,342794,342794,0,
2016-08-22T12:43:19.508419,342795,342795,342795,0,
2016-08-22T12:43:19.516232,342796,342796,342796,0,
2016-08-22T12:43:19.524045,342797,342797,342797,0,
2016-08-22T12:43:19.531857,342798,342798,342798,0,
2016-08-22T12:43:19.539669,342799,342799,342799,0,
2016-08-22T12:43:19.547482,342800,342800,342800,0,
2016-08-22T12:43:19.555295,342801,342801,342801,0,
2016-08-22T12:43:19.563107,342802,342802,342802,0,
2016-08-22T12:43:19.578732,342804,342804,342804,0,
2016-08-22T12:43:19.586545,342805,342805,342805,0,
2016-08-22T12:43:19.594357,342806,342806,342806,0,
2016-08-22T12:43:19.602169,342807,342807,342807,0,
2016-08-22T12:43:19.609982,342808,342808,342808,0,
2016-08-22T12:43:19.617795,342809,342809,342809,0,
2016-08-22T12:43:19.625607,342810,342810,342810,0,
2016-08-22T12:43:19.633419,342811,342811,342811,0,
2016-08-22T12:43:19.641232,342812,342812,342812,0,
2016-08-22T12:43:19.649045,342813,342813,342813,0,
2016-08-22T12:43:19.664669,342815,342815,342815,0,
2016-08-22T12:43:19.672482,342816,342816,342816,0,
2016-08-22T12:43:19.680295,342817,342817,342817,0,
2016-08-22T12:43:19.688107,342818,342818,342818,0,
2016-08-22T12:43:19.695919,342819,342819,342819,0,
2016-08-22T12:43:19.703732,342820,342820,342820,0,
2016-08-22T12:43:19.711545,342821,342821,342821,0,
2016-08-22T12:43:19.719357,342822,342822,342822,0,
2016-08-22T12:43:19.727169,342823,342823,342823,0,
2016-08-22T12:43:19.734982,342824,342824,342824,0,
2016-08-22T12:43:19.750607,342826,342826,342826,0,
2016-08-22T12:43:19.758419,342827,342827,342827,0,
2016-08-22T12:43:19.766232,342828,342828,342828,0,
2016-08-22T12:43:19.774045,342829,342829,342829,0,
2016-08-22T12:43:19.781857,342830,342830,342830,0,
2016-08-22T12:43:19.789669,342831,342831,342831,0,
2016-08-22T12:43:19.797482,342832,342832,342832,0,
2016-08-22T12:43:19.805295,342833,342833,342833,0,
2016-08-22T12:43:19.813107,342834,342834,342834,0,
2016-08-22T12:43:19.820919,342835,342835,342835,0,
2016-08-22T12:43:19.836545,342837,342837,342837,0,
2016-08-22T12:43:19.844357,342838,342838,342838,0,
2016-08-22T12:43:19.852169,342839,342839,342839,0,
2016-08-22T12:43:19.859982,342840,342840,342840,0,
2016-08-22T12:43:19.867795,342841,342841,342841,0,
2016-08-22T12:43:19.875607,342842,342842,342842,0,
2016-08-22T12:43:19.883419,342843,342843,342843,0,
2016-08-22T12:43:19.891232,342844,342844,342844,0,
2016-08-22T12:43:19.899045,342845,342845,342845,0,
2016-08-22T12:43:19.906857,342846,342846,342846,0,
2016-08-22T12:43:19.922482,342848,342848,342848,0,
2016-08-22T12:43:19.930295,342849,342849,342849,0,
2016-08-22T12:43:19.938107,342850,342850,342850,0,
2016-08-22T12:43:19.945919,342851,342851,342851,0,
2016-08-22T12:43:19.953732,342852,342852,342852,0,
2016-08-22T12:43:19.961545,342853,342853,342853,0,
2016-08-22T12:43:19.969357,342854,342854,342854,0,
2016-08-22T12:43:19.977169,342855,342855,342855,0,
2016-08-22T12:43:19.984982,342856,342856,342856,0,
2016-08-22T12:43:19.992795,342857,342857,342857,0,
2016-08-22T12:43:20.008419,342859,342859,342859,0,
2016-08-22T12:43:20.016232,342860,342860,342860,0,
2016-08-22T12:43:20.024045,342861,342861,342861,0,
2016-08-22T12:43:20.031857,342862,342862,342862,0,
2016-08-22T12:43:20.039669,342863,342863,342863,0,
2016-08-22T12:43:20.047482,342864,342864,342864,0,
2016-08-22T12:43:20.055295,342865,342865,342865,0,
2016-08-22T12:43:20.063107,342866,342866,342866,0,
2016-08-22T12:43:20.070919,342867,342867,342867,0,
2016-08-22T12:43:20.078732,342868,342868,342868,0,
2016-08-22T12:43:20.094357,342870,342870,342870,0,
2016-08-22T12:43:20.102169,342871,342871,342871,0,
2016-08-22T12:43:20.109982,342872,342872,342872,0,
2016-08-22T12:43:20.117795,342873,342873,342873,0,
2016-08-22T12:43:20.125607,342874,342874,342874,0,
2016-08-22T12:43:20.133419,342875,342875,342875,0,
2016-08-22T12:43:20.141232,342876,342876,342876,0,
2016-08-22T12:43:20.149045,342877,342877,342877,0,
2016-08-22T12:43:20.156857,342878,342878,342878,0,
2016-08-22T12:43:20.164669,342879,342879,342879,0,
2016-08-22T12:43:20.180295,342881,342881,342881,0,
2016-08-22T12:43:20.188107,342882,342882,342882,0,
2016-08-22T12:43:20.195919,342883,342883,342883,0,
2016-08-22T12:43:20.203732,342884,342884,342884,0,
2016-08-22T12:43:20.211545,342885,342885,342885,0,
2016-08-22T12:43:20.219357,342886,342886,342886,0,
2016-08-22T12:43:20.227169,342887,342887,342887,0,
2016-08-22T12:43:20.234982,342888,342888,342888,0,
2016-08-22T12:43:20.242795,342889,342889,342889,0,
2016-08-22T12:43:20.250607,342890,342890,342890,0,
2016-08-22T12:43:20.266232,342892,342892,342892,0,
2016-08-22T12:43:20.274045,342893,342893,342893,0,
2016-08-22T12:43:20.281857,342894,342894,342894,0,
2016-08-22T12:43:20.289669,342895,342895,342895,0,
2016-08-22T12:43:20.297482,342896,342896,342896,0,
2016-08-22T12:43:20.305295,342897,342897,342897,0,
2016-08-22T12:43:20.313107,342898,342898,342898,0,
2016-08-22T12:43:20.320919,342899,342899,342899,0,
2016-08-22T12:43:20.328732,342900,342900,342900,0,
2016-08-22T12:43:20.336545,342901,342901,342901,0,
2016-08-22T12:43:20.352169,342903,342903,342903,0,
2016-08-22T12:43:20.359982,342904,342904,342904,0,
2016-08-22T12:43:20.367795,342905,342905,342905,0,
2016-08-22T12:43:20.375607,342906,342906,342906,0,
2016-08-22T12:43:20.383419,342907,342907,342907,0,
2016-08-22T12:43:20.391232,342908,342908,342908,0,
2016-08-22T12:43:20.399045,342909,342909,342909,0,
2016-08-22T12:43:20.406857,342910,342910,342910,0,
2016-08-22T12:43:20.414669,342911,342911,342911,0,
2016-08-22T12:43:20.422482,342912,342912,342912,0,
2016-08-22T12:43:20.438107,342914,342914,342914,0,
2016-08-22T12:43:20.445919,342915,342915,342915,0,
2016-08-22T12:43:20.453732,342916,342916,342916,0,
2016-08-22T12:43:20.461545,342917,342917,342917,0,
2016-08-22T12:43:20.469357,342918,342918,342918,0,
2016-08-22T12:43:20.477169,342919,342919,342919,0,
2016-08-22T12:43:20.484982,342920,342920,342920,0,
2016-08-22T12:43:20.492795,342921,342921,342921,0,
2016-08-22T12:43:20.500607,342922,342922,342922,0,
2016-08-22T12:43:20.508419,342923,342923,342923,0,
2016-08-22T12:43:20.524045,342925,342925,342925,0,
2016-08-22T12:43:20.531857,342926,342926,342926,0,
2016-08-22T12:43:20.539669,342927,342927,342927,0,
2016-08-22T12:43:20.547482,342928,342928,342928,0,
2016-08-22T12:43:20.555295,342929,342929,342929,0,
2016-08-22T12:43:20.563107,342930,342930,342930,0,
2016-08-22T12:43:20.570919,342931,342931,342931,0,
2016-08-22T12:43:20.578732,342932,342932,342932,0,
2016-08-22T12:43:20.586545,342933,342933,342933,0,
2016-08-22T12:43:20.594357,342934,342934,342934,0,
2016-08-22T12:43:20.609982,342936,342936,342936,0,
2016-08-22T12:43:20.617795,342937,342937,342937,0,
2016-08-22T12:43:20.625607,342938,342938,342938,0,
2016-08-22T12:43:20.633419,342939,342939,342939,0,
2016-08-22T12:43:20.641232,342940,342940,342940,0,
2016-08-22T12:43:20.649045,342941,342941,342941,0,
2016-08-22T12:43:20.656857,342942,342942,342942,0,
2016-08-22T12:43:20.664669,342943,342943,342943,0,
2016-08-22T12:43:20.672482,342944,342944,342944,0,
2016-08-22T12:43:20.680295,342945,342945,342945,0,
2016-08-22T12:43:20.695919,342947,342947,342947,0,
2016-08-22T12:43:20.703732,342948,342948,342948,0,
2016-08-22T12:43:20.711545,342949,342949,342949,0,
2016-08-22T12:43:20.719357,4403461,4403456,344869,5,
2016-08-22T12:43:20.727169,4400389,4400384,344870,5,
2016-08-22T12:43:20.734982,4400645,4400640,65536,16,
2016-08-22T12:43:20.742795,920064,1347,2622787,40,
2016-08-22T12:43:20.750607,344872,1347,2688323,41,
2016-08-22T12:43:20.758419,344873,1347,2753859,42,
2016-08-22T12:43:20.766232,344874,1347,2819395,43,
2016-08-22T12:43:36.078732,344916,344916,344916,0,
2016-08-22T12:43:36.086545,344917,344917,344917,0,
2016-08-22T12:43:36.094357,344918,344918,344918,0,
2016-08-22T12:43:36.102169,344919,344919,344919,0,
2016-08-22T12:43:36.109982,344920,344920,344920,0,
2016-08-22T12:43:36.117795,344921,344921,344921,0,
2016-08-22T12:43:36.125607,344922,344922,344922,0,
2016-08-22T12:43:36.133419,344923,344923,344923,0,
2016-08-22T12:43:36.141232,344924,344924,344924,0,
2016-08-22T12:43:36.149045,344925,344925,344925,0,
2016-08-22T12:43:36.164669,344927,344927,344927,0,
2016-08-22T12:43:36.172482,344928,344928,344928,0,
2016-08-22T12:43:36.180295,344929,344929,344929,0,
2016-08-22T12:43:36.188107,344930,344930,344930,0,
2016-08-22T12:43:36.195919,344931,344931,344931,0,
2016-08-22T12:43:36.203732,344932,344932,344932,0,
2016-08-22T12:43:36.211545,344933,344933,344933,0,
2016-08-22T12:43:36.219357,344934,344934,344934,0,
2016-08-22T12:43:36.227169,344935,344935,344935,0,
2016-08-22T12:43:36.234982,344936,344936,344936,0,
2016-08-22T12:43:36.250607,344938,344938,344938,0,
2016-08-22T12:43:36.258419,344939,344939,344939,0,
2016-08-22T12:43:36.266232,344940,344940,344940,0,
2016-08-22T12:43:36.274045,344941,344941,344941,0,
2016-08-22T12:43:36.281857,344942,344942,344942,0,
2016-08-22T12:43:36.289669,344943,344943,344943,0,
2016-08-22T12:43:36.297482,344944,344944,344944,0,
2016-08-22T12:43:36.305295,344945,344945,344945,0,
2016-08-22T12:43:36.313107,344946,344946,344946,0,
2016-08-22T12:43:36.320919,344947,344947,344947,0,
2016-08-22T12:43:36.336545,344949,344949,344949,0,
2016-08-22T12:43:36.344357,344950,344950,344950,0,
2016-08-22T12:43:36.352169,344951,344951,344951,0,
2016-08-22T12:43:36.359982,344952,344952,344952,0,
2016-08-22T12:43:36.367795,344953,344953,344953,0,
2016-08-22T12:43:36.375607,344954,344954,344954,0,
2016-08-22T12:43:36.383419,344955,344955,344955,0,
2016-08-22T12:43:36.391232,344956,344956,344956,0,
2016-08-22T12:43:36.399045,344957,344957,344957,0,
2016-08-22T12:43:36.406857,344958,344958,344958,0,
2016-08-22T12:43:36.422482,344960,344960,344960,0,
2016-08-22T12:43:36.430295,344961,344961,344961,0,
2016-08-22T12:43:36.438107,344962,344962,344962,0,
2016-08-22T12:43:36.445919,344963,344963,344963,0,
2016-08-22T12:43:36.453732,344964,344964,344964,0,
2016-08-22T12:43:36.461545,344965,344965,344965,0,
2016-08-22T12:43:36.469357,344966,344966,344966,0,
2016-08-22T12:43:36.477169,344967,344967,344967,0,
2016-08-22T12:43:36.484982,344968,344968,344968,0,
2016-08-22T12:43:36.492795,344969,344969,344969,0,
2016-08-22T12:43:36.508419,344971,344971,344971,0,
2016-08-22T12:43:36.516232,344972,344972,344972,0,
2016-08-22T12:43:36.524045,344973,344973,344973,0,
2016-08-22T12:43:36.531857,344974,344974,344974,0,
2016-08-22T12:43:36.539669,344975,344975,344975,0,
2016-08-22T12:43:36.547482,344976,344976,344976,0,
2016-08-22T12:43:36.555295,344977,344977,344977,0,
2016-08-22T12:43:36.563107,344978,344978,344978,0,
2016-08-22T12:43:36.570919,344979,344979,344979,0,
2016-08-22T12:43:36.578732,344980,344980,344980,0,
2016-08-22T12:43:36.594357,344982,344982,344982,0,
2016-08-22T12:43:36.602169,344983,344983,344983,0,
2016-08-22T12:43:36.609982,344984,344984,344984,0,
2016-08-22T12:43:36.617795,344985,344985,344985,0,
2016-08-22T12:43:36.625607,344986,344986,344986,0,
2016-08-22T12:43:36.633419,344987,344987,344987,0,
2016-08-22T12:43:36.641232,344988,344988,344988,0,
2016-08-22T12:43:36.649045,344989,344989,344989,0,
2016-08-22T12:43:36.656857,344990,344990,344990,0,
2016-08-22T12:43:36.664669,344991,344991,344991,0,
2016-08-22T12:43:36.680295,344993,344993,344993,0,
2016-08-22T12:43:36.688107,344994,344994,344994,0,
2016-08-22T12:43:36.695919,344995,344995,344995,0,
2016-08-22T12:43:36.703732,344996,344996,344996,0,
2016-08-22T12:43:36.711545,344997,344997,344997,0,
2016-08-22T12:43:36.719357,344998,344998,344998,0,
2016-08-22T12:43:36.727169,344999,344999,344999,0,
2016-08-22T12:43:36.734982,345000,345000,345000,0,
2016-08-22T12:43:36.742795,345001,345001,345001,0,
2016-08-22T12:43:36.750607,345002,345002,345002,0,
2016-08-22T12:43:36.766232,345004,345004,345004,0,
2016-08-22T12:43:36.774045,345005,345005,345005,0,
2016-08-22T12:43:36.781857,345006,345006,345006,0,
2016-08-22T12:43:36.789669,345007,345007,345007,0,
2016-08-22T12:43:36.797482,345008,345008,345008,0,
2016-08-22T12:43:36.805295,345009,345009,345009,0,
2016-08-22T12:43:36.813107,345010,345010,345010,0,
2016-08-22T12:43:36.820919,345011,345011,345011,0,
2016-08-22T12:43:36.828732,345012,345012,345012,0,
2016-08-22T12:43:36.836545,345013,345013,345013,0,
2016-08-22T12:43:36.852169,345015,345015,345015,0,
2016-08-22T12:43:36.859982,345016,345016,345016,0,
2016-08-22T12:43:36.867795,345017,345017,345017,0,
2016-08-22T12:43:36.875607,345018,345018,345018,0,
2016-08-22T12:43:36.883419,345019,345019,345019,0,
2016-08-22T12:43:36.891232,345020,345020,345020,0,
2016-08-22T12:43:36.899045,345021,345021,345021,0,
2016-08-22T12:43:36.906857,345022,345022,345022,0,
2016-08-22T12:43:36.914669,345023,345023,345023,0,
2016-08-22T12:43:36.922482,345024,345024,345024,0,
2016-08-22T12:43:36.938107,345026,345026,345026,0,
2016-08-22T12:43:36.945919,345027,345027,345027,0,
2016-08-22T12:43:36.953732,345028,345028,345028,0,
2016-08-22T12:43:36.961545,345029,345029,345029,0,
2016-08-22T12:43:36.969357,345030,345030,345030,0,
2016-08-22T12:43:36.977169,345031,345031,345031,0,
2016-08-22T12:43:36.984982,345032,345032,345032,0,
2016-08-22T12:43:36.992795,345033,345033,345033,0,
2016-08-22T12:43:37.000607,345034,345034,345034,0,
2016-08-22T12:43:37.008419,345035,345035,345035,0,
2016-08-22T12:43:37.024045,345037,345037,345037,0,
2016-08-22T12:43:37.031857,345038,345038,345038,0,
2016-08-22T12:43:37.039669,345039,345039,345039,0,
2016-08-22T12:43:37.047482,345040,345040,345040,0,
2016-08-22T12:43:37.055295,345041,345041,345041,0,
2016-08-22T12:43:37.063107,345042,345042,345042,0,
2016-08-22T12:43:37.070919,345043,345043,345043,0,
2016-08-22T12:43:37.078732,345044,345044,345044,0,
2016-08-22T12:43:37.086545,345045,345045,345045,0,
2016-08-22T12:43:37.094357,345046,345046,345046,0,
2016-08-22T12:43:37.109982,345048,345048,345048,0,
2016-08-22T12:43:37.117795,345049,345049,345049,0,
2016-08-22T12:43:37.125607,345050,345050,345050,0,
2016-08-22T12:43:37.133419,345051,345051,345051,0,
2016-08-22T12:43:37.141232,345052,345052,345052,0,
2016-08-22T12:43:37.149045,345053,345053,345053,0,
2016-08-22T12:43:37.156857,345054,345054,345054,0,
2016-08-22T12:43:37.164669,345055,345055,345055,0,
2016-08-22T12:43:37.172482,345056,345056,345056,0,
2016-08-22T12:43:37.180295,345057,345057,345057,0,
2016-08-22T12:43:37.195919,345059,345059,345059,0,
2016-08-22T12:43:37.203732,345060,345060,345060,0,
2016-08-22T12:43:37.211545,345061,345061,345061,0,
2016-08-22T12:43:37.219357,345062,345062,345062,0,
2016-08-22T12:43:37.227169,345063,345063,345063,0,
2016-08-22T12:43:37.234982,345064,345064,345064,0,
2016-08-22T12:43:37.242795,345065,345065,345065,0,
2016-08-22T12:43:37.250607,345066,345066,345066,0,
2016-08-22T12:43:37.258419,345067,345067,345067,0,
2016-08-22T12:43:37.266232,345068,345068,345068,0,
2016-08-22T12:43:37.281857,345070,345070,345070,0,
2016-08-22T12:43:37.289669,345071,345071,345071,0,
2016-08-22T12:43:37.297482,345072,345072,345072,0,
2016-08-22T12:43:37.305295,345073,345073,345073,0,
2016-08-22T12:43:37.313107,345074,345074,345074,0,
2016-08-22T12:43:37.320919,345075,345075,345075,0,
2016-08-22T12:43:37.328732,345076,345076,345076,0,
2016-08-22T12:43:37.336545,345077,345077,345077,0,
2016-08-22T12:43:37.344357,345078,345078,345078,0,
2016-08-22T12:43:37.352169,345079,345079,345079,0,
2016-08-22T12:43:37.367795,345081,345081,345081,0,
2016-08-22T12:43:37.375607,345082,345082,345082,0,
2016-08-22T12:43:37.383419,345083,345083,345083,0,
2016-08-22T12:43:37.391232,345084,345084,345084,0,
2016-08-22T12:43:37.399045,345085,345085,345085,0,
2016-08-22T12:43:37.406857,345086,345086,345086,0,
2016-08-22T12:43:37.414669,345087,345087,345087,0,
2016-08-22T12:43:37.422482,345088,345088,345088,0,
2016-08-22T12:43:37.430295,345089,345089,345089,0,
2016-08-22T12:43:37.438107,345090,345090,345090,0,
2016-08-22T12:43:37.453732,345092,345092,345092,0,
2016-08-22T12:43:37.461545,345093,345093,345093,0,
2016-08-22T12:43:37.469357,345094,345094,345094,0,
2016-08-22T12:43:37.477169,345095,345095,345095,0,
2016-08-22T12:43:37.484982,345096,345096,345096,0,
2016-08-22T12:43:37.492795,345097,345097,345097,0,
2016-08-22T12:43:37.500607,345098,345098,345098,0,
2016-08-22T12:43:37.508419,345099,345099,345099,0,
2016-08-22T12:43:37.516232,345100,345100,345100,0,
2016-08-22T12:43:37.524045,345101,345101,345101,0,
2016-08-22T12:43:37.539669,345103,345103,345103,0,
2016-08-22T12:43:37.547482,345104,345104,345104,0,
2016-08-22T12:43:37.555295,345105,345105,345105,0,
2016-08-22T12:43:37.563107,345106,345106,345106,0,
2016-08-22T12:43:37.570919,345107,345107,345107,0,
2016-08-22T12:43:37.578732,345108,345108,345108,0,
2016-08-22T12:43:37.586545,345109,345109,345109,0,
2016-08-22T12:43:37.594357,345110,345110,345110,0,
2016-08-22T12:43:37.602169,345111,345111,345111,0,
2016-08-22T12:43:37.609982,345112,345112,345112,0,
2016-08-22T12:43:37.625607,345114,345114,345114,0,
2016-08-22T12:43:37.633419,345115,345115,345115,0,
2016-08-22T12:43:37.641232,345116,345116,345116,0,
2016-08-22T12:43:37.649045,345117,345117,345117,0,
2016-08-22T12:43:37.656857,345118,345118,345118,0,
2016-08-22T12:43:37.664669,345119,345119,345119,0,
2016-08-22T12:43:37.672482,345120,345120,345120,0,
2016-08-22T12:43:37.680295,345121,345121,345121,0,
2016-08-22T12:43:37.688107,345122,345122,345122,0,
2016-08-22T12:43:37.695919,345123,345123,345123,0,
2016-08-22T12:43:37.711545,345125,345125,345125,0,
2016-08-22T12:43:37.719357,345126,345126,345126,0,
2016-08-22T12:43:37.727169,345127,345127,345127,0,
2016-08-22T12:43:37.734982,345128,345128,345128,0,
2016-08-22T12:43:37.742795,345129,345129,345129,0,
2016-08-22T12:43:37.750607,345130,345130,345130,0,
2016-08-22T12:43:37.758419,345131,345131,345131,0,
2016-08-22T12:43:37.766232,345132,345132,345132,0,
2016-08-22T12:43:37.774045,345133,345133,345133,0,
2016-08-22T12:43:37.781857,345134,345134,345134,0,
2016-08-22T12:43:37.797482,345136,345136,345136,0,
2016-08-22T12:43:37.805295,345137,345137,345137,0,
2016-08-22T12:43:37.813107,345138,345138,345138,0,
2016-08-22T12:43:37.820919,345139,345139,345139,0,
2016-08-22T12:43:37.828732,345140,345140,345140,0,
2016-08-22T12:43:37.836545,345141,345141,345141,0,
2016-08-22T12:43:37.844357,345142,345142,345142,0,
2016-08-22T12:43:37.852169,345143,345143,345143,0,
2016-08-22T12:43:37.859982,345144,345144,345144,0,
2016-08-22T12:43:37.867795,345145,345145,345145,0,
2016-08-22T12:43:37.883419,345147,345147,345147,0,
2016-08-22T12:43:37.891232,345148,345148,345148,0,
2016-08-22T12:43:37.899045,345149,345149,345149,0,
2016-08-22T12:43:37.906857,345150,345150,345150,0,
2016-08-22T12:43:37.914669,345151,345151,345151,0,
2016-08-22T12:43:37.922482,345152,345152,345152,0,
2016-08-22T12:43:37.930295,345153,345153,345153,0,
2016-08-22T12:43:37.938107,345154,345154,345154,0,
2016-08-22T12:43:37.945919,345155,345155,345155,0,
2016-08-22T12:43:37.953732,345156,345156,345156,0,
2016-08-22T12:43:37.969357,345158,345158,345158,0,
2016-08-22T12:43:37.977169,345159,345159,345159,0,
2016-08-22T12:43:37.984982,345160,345160,345160,0,
2016-08-22T12:43:37.992795,345161,345161,345161,0,
2016-08-22T12:43:38.000607,345162,345162,345162,0,
2016-08-22T12:43:38.008419,345163,345163,345163,0,
2016-08-22T12:43:38.016232,345164,345164,345164,0,
2016-08-22T12:43:38.024045,345165,345165,345165,0,
2016-08-22T12:43:38.031857,345166,345166,345166,0,
2016-08-22T12:43:38.039669,345167,345167,345167,0,
2016-08-22T12:43:38.055295,345169,345169,345169,0,
2016-08-22T12:43:38.063107,345170,345170,345170,0,
2016-08-22T12:43:38.070919,345171,345171,345171,0,
2016-08-22T12:43:38.078732,345172,345172,345172,0,
2016-08-22T12:43:38.086545,345173,345173,345173,0,
2016-08-22T12:43:38.094357,345174,345174,345174,0,
2016-08-22T12:43:38.102169,345175,345175,345175,0,
2016-08-22T12:43:38.109982,345176,345176,345176,0,
2016-08-22T12:43:38.117795,345177,345177,345177,0,
2016-08-22T12:43:38.125607,345178,345178,345178,0,
2016-08-22T12:43:38.141232,345180,345180,345180,0,
2016-08-22T12:43:38.149045,345181,345181,345181,0,
2016-08-22T12:43:38.156857,345182,345182,345182,0,
2016-08-22T12:43:38.164669,345183,345183,345183,0,
2016-08-22T12:43:38.172482,345184,345184,345184,0,
2016-08-22T12:43:38.180295,345185,345185,345185,0,
2016-08-22T12:43:38.188107,345186,345186,345186,0,
2016-08-22T12:43:38.195919,345187,345187,345187,0,
2016-08-22T12:43:38.203732,345188,345188,345188,0,
2016-08-22T12:43:38.211545,345189,345189,345189,0,
2016-08-22T12:43:38.227169,345191,345191,345191,0,
2016-08-22T12:43:38.234982,345192,345192,345192,0,
2016-08-22T12:43:38.242795,345193,345193,345193,0,
2016-08-22T12:43:38.250607,345194,345194,345194,0,
2016-08-22T12:43:38.258419,345195,345195,345195,0,
2016-08-22T12:43:38.266232,345196,345196,345196,0,
2016-08-22T12:43:38.274045,345197,345197,345197,0,
2016-08-22T12:43:38.281857,345198,345198,345198,0,
2016-08-22T12:43:38.289669,345199,345199,345199,0,
2016-08-22T12:43:38.297482,345200,345200,345200,0,
2016-08-22T12:43:38.313107,345202,345202,345202,0,
2016-08-22T12:43:38.320919,345203,345203,345203,0,
2016-08-22T12:43:38.328732,345204,345204,345204,0,
2016-08-22T12:43:38.336545,345205,345205,345205,0,
2016-08-22T12:43:38.344357,345206,345206,345206,0,
2016-08-22T12:43:38.352169,345207,345207,345207,0,
2016-08-22T12:43:38.359982,345208,345208,345208,0,
2016-08-22T12:43:38.367795,345209,345209,345209,0,
2016-08-22T12:43:38.375607,345210,345210,345210,0,
2016-08-22T12:43:38.383419,345211,345211,345211,0,
2016-08-22T12:43:38.399045,345213,345213,345213,0,
2016-08-22T12:43:38.406857,345214,345214,345214,0,
2016-08-22T12:43:38.414669,345215,345215,345215,0,
2016-08-22T12:43:38.422482,345216,345216,345216,0,
2016-08-22T12:43:38.430295,345217,345217,345217,0,
2016-08-22T12:43:38.438107,345218,345218,345218,0,
2016-08-22T12:43:38.445919,345219,345219,345219,0,
2016-08-22T12:43:38.453732,345220,345220,345220,0,
2016-08-22T12:43:38.461545,345221,345221,345221,0,
2016-08-22T12:43:38.469357,345222,345222,345222,0,
2016-08-22T12:43:38.484982,345224,345224,345224,0,
2016-08-22T12:43:38.492795,345225,345225,345225,0,
2016-08-22T12:43:38.500607,345226,345226,345226,0,
2016-08-22T12:43:38.508419,345227,345227,345227,0,
2016-08-22T12:43:38.516232,345228,345228,345228,0,
2016-08-22T12:43:38.524045,345229,345229,345229,0,
2016-08-22T12:43:38.531857,345230,345230,345230,0,
2016-08-22T12:43:38.539669,345231,345231,345231,0,
2016-08-22T12:43:38.547482,345232,345232,345232,0,
2016-08-22T12:43:38.555295,345233,345233,345233,0,
2016-08-22T12:43:38.570919,345235,345235,345235,0,
2016-08-22T12:43:38.578732,345236,345236,345236,0,
2016-08-22T12:43:38.586545,345237,345237,345237,0,
2016-08-22T12:43:38.594357,345238,345238,345238,0,
2016-08-22T12:43:38.602169,345239,345239,345239,0,
2016-08-22T12:43:38.609982,345240,345240,345240,0,
2016-08-22T12:43:38.617795,345241,345241,345241,0,
2016-08-22T12:43:38.625607,345242,345242,345242,0,
2016-08-22T12:43:38.633419,345243,345243,345243,0,
2016-08-22T12:43:38.641232,345244,345244,345244,0,
2016-08-22T12:43:38.656857,345246,345246,345246,0,
2016-08-22T12:43:38.664669,345247,345247,345247,0,
2016-08-22T12:43:38.672482,345248,345248,345248,0,
2016-08-22T12:43:38.680295,345249,345249,345249,0,
2016-08-22T12:43:38.688107,345250,345250,345250,0,
2016-08-22T12:43:38.695919,345251,345251,345251,0,
2016-08-22T12:43:38.703732,345252,345252,345252,0,
2016-08-22T12:43:38.711545,345253,345253,345253,0,
2016-08-22T12:43:38.719357,345254,345254,345254,0,
2016-08-22T12:43:38.727169,345255,345255,345255,0,
2016-08-22T12:43:38.742795,345257,345257,345257,0,
2016-08-22T12:43:38.750607,345258,345258,345258,0,
2016-08-22T12:43:38.758419,345259,345259,345259,0,
2016-08-22T12:43:38.766232,345260,345260,345260,0,
2016-08-22T12:43:38.774045,345261,345261,345261,0,
2016-08-22T12:43:38.781857,345262,345262,345262,0,
2016-08-22T12:43:38.789669,345263,345263,345263,0,
2016-08-22T12:43:38.797482,345264,345264,345264,0,
2016-08-22T12:43:38.805295,345265,345265,345265,0,
2016-08-22T12:43:38.813107,345266,345266,345266,0,
2016-08-22T12:43:38.828732,345268,345268,345268,0,
2016-08-22T12:43:38.836545,345269,345269,345269,0,
2016-08-22T12:43:38.844357,345270,345270,345270,0,
2016-08-22T12:43:38.852169,345271,345271,345271,0,
2016-08-22T12:43:38.859982,345272,345272,345272,0,
2016-08-22T12:43:38.867795,345273,345273,345273,0,
2016-08-22T12:43:38.875607,345274,345274,345274,0,
2016-08-22T12:43:38.883419,345275,345275,345275,0,
2016-08-22T12:43:38.891232,345276,345276,345276,0,
2016-08-22T12:43:38.899045,345277,345277,345277,0,
2016-08-22T12:43:38.914669,345279,345279,345279,0,
2016-08-22T12:43:38.922482,345280,345280,345280,0,
2016-08-22T12:43:38.930295,345281,345281,345281,0,
2016-08-22T12:43:38.938107,345282,345282,345282,0,
2016-08-22T12:43:38.945919,345283,345283,345283,0,
2016-08-22T12:43:38.953732,345284,345284,345284,0,
2016-08-22T12:43:38.961545,345285,345285,345285,0,
2016-08-22T12:43:38.969357,345286,345286,345286,0,
2016-08-22T12:43:38.977169,345287,345287,345287,0,
2016-08-22T12:43:38.984982,345288,345288,345288,0,
2016-08-22T12:43:39.000607,345290,345290,345290,0,
2016-08-22T12:43:39.008419,345291,345291,345291,0,
2016-08-22T12:43:39.016232,345292,345292,345292,0,
2016-08-22T12:43:39.024045,345293,345293,345293,0,
2016-08-22T12:43:39.031857,345294,345294,345294,0,
2016-08-22T12:43:39.039669,345295,345295,345295,0,
2016-08-22T12:43:39.047482,345296,345296,345296,0,
2016-08-22T12:43:39.055295,345297,345297,345297,0,
2016-08-22T12:43:39.063107,345298,345298,345298,0,
2016-08-22T12:43:39.070919,345299,345299,345299,0,
2016-08-22T12:43:39.086545,345301,345301,345301,0,
2016-08-22T12:43:39.094357,345302,345302,345302,0,
2016-08-22T12:43:39.102169,345303,345303,345303,0,
2016-08-22T12:43:39.109982,345304,345304,345304,0,
2016-08-22T12:43:39.117795,345305,345305,345305,0,
2016-08-22T12:43:39.125607,345306,345306,345306,0,
2016-08-22T12:43:39.133419,345307,345307,345307,0,
2016-08-22T12:43:39.141232,345308,345308,345308,0,
2016-08-22T12:43:39.149045,345309,345309,345309,0,
2016-08-22T12:43:39.156857,345310,345310,345310,0,
2016-08-22T12:43:39.172482,345312,345312,345312,0,
2016-08-22T12:43:39.180295,345313,345313,345313,0,
2016-08-22T12:43:39.188107,345314,345314,345314,0,
2016-08-22T12:43:39.195919,345315,345315,345315,0,
2016-08-22T12:43:39.203732,345316,345316,345316,0,
2016-08-22T12:43:39.211545,345317,345317,345317,0,
2016-08-22T12:43:39.219357,345318,345318,345318,0,
2016-08-22T12:43:39.227169,345319,345319,345319,0,
2016-08-22T12:43:39.234982,345320,345320,345320,0,
2016-08-22T12:43:39.242795,345321,345321,345321,0,
2016-08-22T12:43:39.258419,345323,345323,345323,0,
2016-08-22T12:43:39.266232,345324,345324,345324,0,
2016-08-22T12:43:39.274045,345325,345325,345325,0,
2016-08-22T12:43:39.281857,345326,345326,345326,0,
2016-08-22T12:43:39.289669,345327,345327,345327,0,
2016-08-22T12:43:39.297482,345328,345328,345328,0,
2016-08-22T12:43:39.305295,345329,345329,345329,0,
2016-08-22T12:43:39.313107,345330,345330,345330,0,
2016-08-22T12:43:39.320919,345331,345331,345331,0,
2016-08-22T12:43:39.328732,345332,345332,345332,0,
2016-08-22T12:43:39.344357,345334,345334,345334,0,
2016-08-22T12:43:39.352169,345335,345335,345335,0,
2016-08-22T12:43:39.359982,345336,345336,345336,0,
2016-08-22T12:43:39.367795,345337,345337,345337,0,
2016-08-22T12:43:39.375607,345338,345338,345338,0,
2016-08-22T12:43:39.383419,345339,345339,345339,0,
2016-08-22T12:43:39.391232,345340,345340,345340,0,
2016-08-22T12:43:39.399045,345341,345341,345341,0,
2016-08-22T12:43:39.406857,345342,345342,345342,0,
2016-08-22T12:43:39.414669,345343,345343,345343,0,
2016-08-22T12:43:39.430295,345345,345345,345345,0,
2016-08-22T12:43:39.438107,345346,345346,345346,0,
2016-08-22T12:43:39.445919,345347,345347,345347,0,
2016-08-22T12:43:39.453732,345348,345348,345348,0,
2016-08-22T12:43:39.461545,345349,345349,345349,0,
2016-08-22T12:43:39.469357,345350,345350,345350,0,
2016-08-22T12:43:39.477169,345351,345351,345351,0,
2016-08-22T12:43:39.484982,345352,345352,345352,0,
2016-08-22T12:43:39.492795,345353,345353,345353,0,
2016-08-22T12:43:39.500607,345354,345354,345354,0,
2016-08-22T12:43:39.516232,345356,345356,345356,0,
2016-08-22T12:43:39.524045,345357,345357,345357,0,
2016-08-22T12:43:39.531857,345358,345358,345358,0,
2016-08-22T12:43:39.539669,345359,345359,345359,0,
2016-08-22T12:43:39.547482,345360,345360,345360,0,
2016-08-22T12:43:39.555295,345361,345361,345361,0,
2016-08-22T12:43:39.563107,345362,345362,345362,0,
2016-08-22T12:43:39.570919,345363,345363,345363,0,
2016-08-22T12:43:39.578732,345364,345364,345364,0,
2016-08-22T12:43:39.586545,345365,345365,345365,0,
2016-08-22T12:43:39.602169,345367,345367,345367,0,
2016-08-22T12:43:39.609982,345368,345368,345368,0,
2016-08-22T12:43:39.617795,345369,345369,345369,0,
2016-08-22T12:43:39.625607,345370,345370,345370,0,
2016-08-22T12:43:39.633419,345371,345371,345371,0,
2016-08-22T12:43:39.641232,345372,345372,345372,0,
2016-08-22T12:43:39.649045,345373,345373,345373,0,
2016-08-22T12:43:39.656857,345374,345374,345374,0,
2016-08-22T12:43:39.664669,345375,345375,345375,0,
2016-08-22T12:43:39.672482,345376,345376,345376,0,
2016-08-22T12:43:39.688107,345378,345378,345378,0,
2016-08-22T12:43:39.695919,345379,345379,345379,0,
2016-08-22T12:43:39.703732,345380,345380,345380,0,
2016-08-22T12:43:39.711545,345381,345381,345381,0,
2016-08-22T12:43:39.719357,345382,345382,345382,0,
2016-08-22T12:43:39.727169,345383,345383,345383,0,
2016-08-22T12:43:39.734982,345384,345384,345384,0,
2016-08-22T12:43:39.742795,345385,345385,345385,0,
2016-08-22T12:43:39.750607,345386,345386,345386,0,
2016-08-22T12:43:39.758419,345387,345387,345387,0,
2016-08-22T12:43:39.774045,345389,345389,345389,0,
2016-08-22T12:43:39.781857,345390,345390,345390,0,
2016-08-22T12:43:39.789669,345391,345391,345391,0,
2016-08-22T12:43:39.797482,345392,345392,345392,0,
2016-08-22T12:43:39.805295,345393,345393,345393,0,
2016-08-22T12:43:39.813107,345394,345394,345394,0,
2016-08-22T12:43:39.820919,345395,345395,345395,0,
2016-08-22T12:43:39.828732,345396,345396,345396,0,
2016-08-22T12:43:39.836545,345397,345397,345397,0,
2016-08-22T12:43:39.844357,345398,345398,345398,0,
