Time,Sensor_Laser,Laser_Micro,Zeeman,Sci_Data_ID,Sci_Data,Timestamp
2016-08-22T11:47:56.220575,125,125,125,125,318589,318589
2016-08-22T11:47:56.228388,126,126,126,126,318590,318590
2016-08-22T11:47:56.236200,127,127,127,127,318591,318591
2016-08-22T11:47:56.244012,128,128,128,128,318592,318592
2016-08-22T11:47:56.251825,129,129,129,129,318593,318593
2016-08-22T11:47:56.259638,130,130,130,130,318594,318594
2016-08-22T11:47:56.267450,131,131,131,131,318595,318595
2016-08-22T11:47:56.275262,132,132,132,132,318596,318596
2016-08-22T11:47:56.283075,133,133,133,133,318597,318597
2016-08-22T11:47:56.290888,134,134,134,134,318598,318598
2016-08-22T11:47:56.298700,135,135,135,135,318599,318599
2016-08-22T11:47:56.306512,136,136,136,136,318600,318600
2016-08-22T11:47:56.314325,137,137,137,137,318601,318601
2016-08-22T11:47:56.322138,138,138,138,138,318602,318602
2016-08-22T11:47:56.329950,139,139,139,139,318603,318603
2016-08-22T11:47:56.337762,140,140,140,140,318604,318604
2016-08-22T11:47:56.345575,141,141,141,141,318605,318605
2016-08-22T11:47:56.353388,142,142,142,142,318606,318606
2016-08-22T11:47:56.361200,143,143,143,143,318607,318607
2016-08-22T11:47:56.369012,144,144,144,144,318608,318608
2016-08-22T11:47:56.376825,145,145,145,145,318609,318609
2016-08-22T11:47:56.384638,146,146,146,146,318610,318610
2016-08-22T11:47:56.392450,147,147,147,147,318611,318611
2016-08-22T11:47:56.400262,148,148,148,148,318612,318612
2016-08-22T11:47:56.408075,149,149,149,149,318613,318613
2016-08-22T11:47:56.415888,150,150,150,150,318614,318614
2016-08-22T11:47:56.423700,151,151,151,151,318615,318615
2016-08-22T11:47:56.431512,152,152,152,152,318616,318616
2016-08-22T11:47:56.439325,153,153,153,153,318617,318617
2016-08-22T11:47:56.447138,154,154,154,154,318618,318618
2016-08-22T11:47:56.454950,155,155,155,155,318619,318619
2016-08-22T11:47:56.462762,156,156,156,156,318620,318620
2016-08-22T11:47:56.470575,157,157,157,157,318621,318621
2016-08-22T11:47:56.478388,158,158,158,158,318622,318622
2016-08-22T11:47:56.486200,159,159,159,159,318623,318623
2016-08-22T11:47:56.494012,160,160,160,160,318624,318624
2016-08-22T11:47:56.501825,161,161,161,161,318625,318625
2016-08-22T11:47:56.509638,162,162,162,162,318626,318626
2016-08-22T11:47:56.517450,163,163,163,163,318627,318627
2016-08-22T11:47:56.525262,164,164,164,164,318628,318628
2016-08-22T11:47:56.533075,165,165,165,165,318629,318629
2016-08-22T11:47:56.540888,166,166,166,166,318630,318630
2016-08-22T11:47:56.548700,167,167,167,167,318631,318631
2016-08-22T11:47:56.556512,168,168,168,168,318632,318632
2016-08-22T11:47:56.564325,169,169,169,169,318633,318633
2016-08-22T11:47:56.572138,170,170,170,170,318634,318634
2016-08-22T11:47:56.579950,171,171,171,171,318635,318635
2016-08-22T11:47:56.587762,172,172,172,172,318636,318636
2016-08-22T11:47:56.595575,173,173,173,173,318637,318637
2016-08-22T11:47:56.603388,174,174,174,174,318638,318638
2016-08-22T11:47:56.611200,175,175,175,175,318639,318639
2016-08-22T11:47:56.619012,176,176,176,176,318640,318640
2016-08-22T11:47:56.626825,177,177,177,177,318641,318641
2016-08-22T11:47:56.634638,178,178,178,178,318642,318642
2016-08-22T11:47:56.642450,179,179,179,179,318643,318643
2016-08-22T11:47:56.650262,180,180,180,180,318644,318644
2016-08-22T11:47:56.658075,181,181,181,181,318645,318645
2016-08-22T11:47:56.665888,182,182,182,182,318646,318646
2016-08-22T11:47:56.673700,183,183,183,183,318647,318647
2016-08-22T11:47:56.681512,184,184,184,184,318648,318648
2016-08-22T11:47:56.689325,185,185,185,185,318649,318649
2016-08-22T11:47:56.697138,186,186,186,186,318650,318650
2016-08-22T11:47:56.704950,187,187,187,187,318651,318651
2016-08-22T11:47:56.712762,188,188,188,188,318652,318652
2016-08-22T11:47:56.720575,189,189,189,189,318653,318653
2016-08-22T11:47:56.728388,190,190,190,190,318654,318654
2016-08-22T11:47:56.736200,191,191,191,191,318655,318655
2016-08-22T11:47:56.744012,192,192,192,192,318656,318656
2016-08-22T11:47:56.751825,193,193,193,193,318657,318657
2016-08-22T11:47:56.759638,194,194,194,194,318658,318658
2016-08-22T11:47:56.767450,195,195,195,195,318659,318659
2016-08-22T11:47:56.775262,196,196,196,196,318660,318660
2016-08-22T11:47:56.783075,197,197,197,197,318661,318661
2016-08-22T11:47:56.790888,198,198,198,198,318662,318662
2016-08-22T11:47:56.798700,199,199,199,199,318663,318663
2016-08-22T11:47:56.806512,200,200,200,200,318664,318664
2016-08-22T11:47:56.814325,201,201,201,201,318665,318665
2016-08-22T11:47:56.822138,202,202,202,202,318666,318666
2016-08-22T11:47:56.829950,203,203,203,203,318667,318667
2016-08-22T11:47:56.837762,204,204,204,204,318668,318668
2016-08-22T11:47:56.845575,205,205,205,205,318669,318669
2016-08-22T11:47:56.853388,206,206,206,206,318670,318670
2016-08-22T11:47:56.861200,207,207,207,207,318671,318671
2016-08-22T11:47:56.869012,208,208,208,208,318672,318672
2016-08-22T11:47:56.876825,209,209,209,209,318673,318673
2016-08-22T11:47:56.884638,210,210,210,210,318674,318674
2016-08-22T11:47:56.892450,211,211,211,211,318675,318675
2016-08-22T11:47:56.900262,212,212,212,212,318676,318676
2016-08-22T11:47:56.908075,213,213,213,213,318677,318677
2016-08-22T11:47:56.915888,214,214,214,214,318678,318678
2016-08-22T11:47:56.923700,215,215,215,215,318679,318679
2016-08-22T11:47:56.931512,216,216,216,216,318680,318680
2016-08-22T11:47:56.939325,217,217,217,217,318681,318681
2016-08-22T11:47:56.947138,218,218,218,218,318682,318682
2016-08-22T11:47:56.954950,219,219,219,219,318683,318683
2016-08-22T11:47:56.962762,220,220,220,220,318684,318684
2016-08-22T11:47:56.970575,221,221,221,221,318685,318685
2016-08-22T11:47:56.978388,222,222,222,222,318686,318686
2016-08-22T11:47:56.986200,223,223,223,223,318687,318687
2016-08-22T11:47:56.994012,224,224,224,224,318688,318688
2016-08-22T11:47:57.001825,225,225,225,225,318689,318689
2016-08-22T11:47:57.009638,226,226,226,226,318690,318690
2016-08-22T11:47:57.017450,227,227,227,227,318691,318691
2016-08-22T11:47:57.025262,228,228,228,228,318692,318692
2016-08-22T11:47:57.033075,229,229,229,229,318693,318693
2016-08-22T11:47:57.040888,230,230,230,230,318694,318694
2016-08-22T11:47:57.048700,231,231,231,231,318695,318695
2016-08-22T11:47:57.056512,232,232,232,232,318696,318696
2016-08-22T11:47:57.064325,233,233,233,233,318697,318697
2016-08-22T11:47:57.072138,234,234,234,234,318698,318698
2016-08-22T11:47:57.079950,235,235,235,235,318699,318699
2016-08-22T11:47:57.087762,236,236,236,236,318700,318700
2016-08-22T11:47:57.095575,237,237,237,237,318701,318701
2016-08-22T11:47:57.103388,238,238,238,238,318702,318702
2016-08-22T11:47:57.111200,239,239,239,239,318703,318703
2016-08-22T11:47:57.119012,240,240,240,240,318704,318704
2016-08-22T11:47:57.126825,241,241,241,241,318705,318705
2016-08-22T11:47:57.134638,242,242,242,242,318706,318706
2016-08-22T11:47:57.142450,243,243,243,243,318707,318707
2016-08-22T11:47:57.150262,244,244,244,244,318708,318708
2016-08-22T11:47:57.158075,245,245,245,245,318709,318709
2016-08-22T11:47:57.165888,246,246,246,246,318710,318710
2016-08-22T11:47:57.173700,247,247,247,247,318711,318711
2016-08-22T11:47:57.181512,248,248,248,248,318712,318712
2016-08-22T11:47:57.189325,249,249,249,249,318713,318713
2016-08-22T11:47:57.197138,250,250,250,250,318714,318714
2016-08-22T11:47:57.204950,251,251,251,251,318715,318715
2016-08-22T11:47:57.212762,252,252,252,252,318716,318716
2016-08-22T11:47:57.220575,253,253,253,253,318717,318717
2016-08-22T11:47:57.228388,254,254,254,254,318718,318718
2016-08-22T11:47:57.236200,255,255,255,255,318719,318719
2016-08-22T11:47:57.244012,0,0,0,0,318720,318720
2016-08-22T11:47:57.251825,1,1,1,1,318721,318721
2016-08-22T11:47:57.259638,2,2,2,2,318722,318722
2016-08-22T11:47:57.267450,3,3,3,3,318723,318723
2016-08-22T11:47:57.275262,4,4,4,4,318724,318724
2016-08-22T11:47:57.283075,5,5,5,5,318725,318725
2016-08-22T11:47:57.290888,6,6,6,6,318726,318726
2016-08-22T11:47:57.298700,7,7,7,7,318727,318727
2016-08-22T11:47:57.306512,8,8,8,8,318728,318728
2016-08-22T11:47:57.314325,9,9,9,9,318729,318729
2016-08-22T11:47:57.322138,10,10,10,10,318730,318730
2016-08-22T11:47:57.329950,11,11,11,11,318731,318731
2016-08-22T11:47:57.337762,12,12,12,12,318732,318732
2016-08-22T11:47:57.345575,13,13,13,13,318733,318733
2016-08-22T11:47:57.353388,14,14,14,14,318734,318734
2016-08-22T11:47:57.361200,15,15,15,15,318735,318735
2016-08-22T11:47:57.369012,16,16,16,16,318736,318736
2016-08-22T11:47:57.376825,17,17,17,17,318737,318737
2016-08-22T11:47:57.384638,18,18,18,18,318738,318738
2016-08-22T11:47:57.392450,19,19,19,19,318739,318739
2016-08-22T11:47:57.400262,20,20,20,20,318740,318740
2016-08-22T11:47:57.408075,21,21,21,21,318741,318741
2016-08-22T11:47:57.415888,22,22,22,22,318742,318742
2016-08-22T11:47:57.423700,23,23,23,23,318743,318743
2016-08-22T11:47:57.431512,24,24,24,24,318744,318744
2016-08-22T11:47:57.439325,25,25,25,25,318745,318745
2016-08-22T11:47:57.447138,26,26,26,26,318746,318746
2016-08-22T11:47:57.454950,27,27,27,27,318747,318747
2016-08-22T11:47:57.462762,28,28,28,28,318748,318748
2016-08-22T11:47:57.470575,29,29,29,29,318749,318749
2016-08-22T11:47:57.478388,30,30,30,30,318750,318750
2016-08-22T11:47:57.486200,31,31,31,31,318751,318751
2016-08-22T11:47:57.494012,32,32,32,32,318752,318752
2016-08-22T11:47:57.501825,33,33,33,33,318753,318753
2016-08-22T11:47:57.509638,34,34,34,34,318754,318754
2016-08-22T11:47:57.517450,35,35,35,35,318755,318755
2016-08-22T11:47:57.525262,36,36,36,36,318756,318756
2016-08-22T11:47:57.533075,37,37,37,37,318757,318757
2016-08-22T11:47:57.540888,38,38,38,38,318758,318758
2016-08-22T11:47:57.548700,39,39,39,39,318759,318759
2016-08-22T11:47:57.556512,40,40,40,40,318760,318760
2016-08-22T11:47:57.564325,41,41,41,41,318761,318761
2016-08-22T11:47:57.572138,42,42,42,42,318762,318762
2016-08-22T11:47:57.579950,43,43,43,43,318763,318763
2016-08-22T11:47:57.587762,44,44,44,44,318764,318764
2016-08-22T11:47:57.595575,45,45,45,45,318765,318765
2016-08-22T11:47:57.603388,46,46,46,46,318766,318766
2016-08-22T11:47:57.611200,47,47,47,47,318767,318767
2016-08-22T11:47:57.619012,48,48,48,48,318768,318768
2016-08-22T11:47:57.626825,49,49,49,49,318769,318769
2016-08-22T11:47:57.634638,50,50,50,50,318770,318770
2016-08-22T11:47:57.642450,51,51,51,51,318771,318771
2016-08-22T11:47:57.650262,52,52,52,52,318772,318772
2016-08-22T11:47:57.658075,53,53,53,53,318773,318773
2016-08-22T11:47:57.665888,54,54,54,54,318774,318774
2016-08-22T11:47:57.673700,55,55,55,55,318775,318775
2016-08-22T11:47:57.681512,56,56,56,56,318776,318776
2016-08-22T11:47:57.689325,57,57,57,57,318777,318777
2016-08-22T11:47:57.697138,58,58,58,58,318778,318778
2016-08-22T11:47:57.704950,59,59,59,59,318779,318779
2016-08-22T11:47:57.712762,60,60,60,60,318780,318780
2016-08-22T11:47:57.720575,61,61,61,61,318781,318781
2016-08-22T11:47:57.728388,62,62,62,62,318782,318782
2016-08-22T11:47:57.736200,63,63,63,63,318783,318783
2016-08-22T11:47:57.744012,64,64,64,64,318784,318784
2016-08-22T11:47:57.751825,65,65,65,65,318785,318785
2016-08-22T11:47:57.759638,66,66,66,66,318786,318786
2016-08-22T11:47:57.767450,67,67,67,67,318787,318787
2016-08-22T11:47:57.775262,68,68,68,68,318788,318788
2016-08-22T11:47:57.783075,69,69,69,69,318789,318789
2016-08-22T11:47:57.790888,70,70,70,70,318790,318790
2016-08-22T11:47:57.798700,71,71,71,71,318791,318791
2016-08-22T11:47:57.806512,72,72,72,72,318792,318792
2016-08-22T11:47:57.814325,73,73,73,73,318793,318793
2016-08-22T11:47:57.822138,74,74,74,74,318794,318794
2016-08-22T11:47:57.829950,75,75,75,75,318795,318795
2016-08-22T11:47:57.837762,76,76,76,76,318796,318796
2016-08-22T11:47:57.845575,77,77,77,77,318797,318797
2016-08-22T11:47:57.853388,78,78,78,78,318798,318798
2016-08-22T11:47:57.861200,79,79,79,79,318799,318799
2016-08-22T11:47:57.869012,80,80,80,80,318800,318800
2016-08-22T11:47:57.876825,81,81,81,81,318801,318801
2016-08-22T11:47:57.884638,82,82,82,82,318802,318802
2016-08-22T11:47:57.892450,83,83,83,83,318803,318803
2016-08-22T11:47:57.900262,84,84,84,84,318804,318804
2016-08-22T11:47:57.908075,85,85,85,85,318805,318805
2016-08-22T11:47:57.915888,86,86,86,86,318806,318806
2016-08-22T11:47:57.923700,87,87,87,87,318807,318807
2016-08-22T11:47:57.931512,88,88,88,88,318808,318808
2016-08-22T11:47:57.939325,89,89,89,89,318809,318809
2016-08-22T11:47:57.947138,90,90,90,90,318810,318810
2016-08-22T11:47:57.954950,91,91,91,91,318811,318811
2016-08-22T11:47:57.962762,92,92,92,92,318812,318812
2016-08-22T11:47:57.970575,93,93,93,93,318813,318813
2016-08-22T11:47:57.978388,94,94,94,94,318814,318814
2016-08-22T11:47:57.986200,95,95,95,95,318815,318815
2016-08-22T11:47:57.994012,96,96,96,96,318816,318816
2016-08-22T11:47:58.001825,97,97,97,97,318817,318817
2016-08-22T11:47:58.009638,98,98,98,98,318818,318818
2016-08-22T11:47:58.017450,99,99,99,99,318819,318819
2016-08-22T11:47:58.025262,100,100,100,100,318820,318820
2016-08-22T11:47:58.033075,101,101,101,101,318821,318821
2016-08-22T11:47:58.040888,102,102,102,102,318822,318822
2016-08-22T11:47:58.048700,103,103,103,103,318823,318823
2016-08-22T11:47:58.056512,104,104,104,104,318824,318824
2016-08-22T11:47:58.064325,105,105,105,105,318825,318825
2016-08-22T11:47:58.072138,106,106,106,106,318826,318826
2016-08-22T11:47:58.079950,107,107,107,107,318827,318827
2016-08-22T11:47:58.087762,108,108,108,108,318828,318828
2016-08-22T11:47:58.095575,109,109,109,109,318829,318829
2016-08-22T11:47:58.103388,110,110,110,110,318830,318830
2016-08-22T11:47:58.111200,111,111,111,111,318831,318831
2016-08-22T11:47:58.119012,112,112,112,112,318832,318832
2016-08-22T11:47:58.126825,113,113,113,113,318833,318833
2016-08-22T11:47:58.134638,114,114,114,114,318834,318834
2016-08-22T11:47:58.142450,115,115,115,115,318835,318835
2016-08-22T11:47:58.150262,116,116,116,116,318836,318836
2016-08-22T11:47:58.158075,117,117,117,117,318837,318837
2016-08-22T11:47:58.165888,118,118,118,118,318838,318838
2016-08-22T11:47:58.173700,119,119,119,119,318839,318839
2016-08-22T11:47:58.181512,120,120,120,120,318840,318840
2016-08-22T11:47:58.189325,121,121,121,121,318841,318841
2016-08-22T11:47:58.197138,122,122,122,122,318842,318842
2016-08-22T11:47:58.204950,123,123,123,123,318843,318843
2016-08-22T11:47:58.212762,124,124,124,124,318844,318844
2016-08-22T11:47:58.220575,125,125,125,125,318845,318845
2016-08-22T11:47:58.228388,126,126,126,126,318846,318846
2016-08-22T11:47:58.236200,127,127,127,127,318847,318847
2016-08-22T11:47:58.244012,128,128,128,128,318848,318848
2016-08-22T11:47:58.251825,129,129,129,129,318849,318849
2016-08-22T11:47:58.259638,130,130,130,130,318850,318850
2016-08-22T11:47:58.267450,131,131,131,131,318851,318851
2016-08-22T11:47:58.275262,132,132,132,132,318852,318852
2016-08-22T11:47:58.283075,133,133,133,133,318853,318853
2016-08-22T11:47:58.290888,134,134,134,134,318854,318854
2016-08-22T11:47:58.298700,135,135,135,135,318855,318855
2016-08-22T11:47:58.306512,136,136,136,136,318856,318856
2016-08-22T11:47:58.314325,137,137,137,137,318857,318857
2016-08-22T11:47:58.322138,138,138,138,138,318858,318858
2016-08-22T11:47:58.329950,139,139,139,139,318859,318859
2016-08-22T11:47:58.337762,140,140,140,140,318860,318860
2016-08-22T11:47:58.345575,141,141,141,141,318861,318861
2016-08-22T11:47:58.353388,142,142,142,142,318862,318862
2016-08-22T11:47:58.361200,143,143,143,143,318863,318863
2016-08-22T11:47:58.369012,144,144,144,144,318864,318864
2016-08-22T11:47:58.376825,145,145,145,145,318865,318865
2016-08-22T11:47:58.384638,146,146,146,146,318866,318866
2016-08-22T11:47:58.392450,147,147,147,147,318867,318867
2016-08-22T11:47:58.400262,148,148,148,148,318868,318868
2016-08-22T11:47:58.408075,149,149,149,149,318869,318869
2016-08-22T11:47:58.415888,150,150,150,150,318870,318870
2016-08-22T11:47:58.423700,151,151,151,151,318871,318871
2016-08-22T11:47:58.431512,152,152,152,152,318872,318872
2016-08-22T11:47:58.439325,153,153,153,153,318873,318873
2016-08-22T11:47:58.447138,154,154,154,154,318874,318874
2016-08-22T11:47:58.454950,155,155,155,155,318875,318875
2016-08-22T11:47:58.462762,156,156,156,156,318876,318876
2016-08-22T11:47:58.470575,157,157,157,157,318877,318877
2016-08-22T11:47:58.478388,158,158,158,158,318878,318878
2016-08-22T11:47:58.486200,159,159,159,159,318879,318879
2016-08-22T11:47:58.494012,160,160,160,160,318880,318880
2016-08-22T11:47:58.501825,161,161,161,161,318881,318881
2016-08-22T11:47:58.509638,162,162,162,162,318882,318882
2016-08-22T11:47:58.517450,163,163,163,163,318883,318883
2016-08-22T11:47:58.525262,164,164,164,164,318884,318884
2016-08-22T11:47:58.533075,165,165,165,165,318885,318885
2016-08-22T11:47:58.540888,166,166,166,166,318886,318886
2016-08-22T11:47:58.548700,167,167,167,167,318887,318887
2016-08-22T11:47:58.556512,168,168,168,168,318888,318888
2016-08-22T11:47:58.564325,169,169,169,169,318889,318889
2016-08-22T11:47:58.572138,170,170,170,170,318890,318890
2016-08-22T11:47:58.579950,171,171,171,171,318891,318891
2016-08-22T11:47:58.587762,172,172,172,172,318892,318892
2016-08-22T11:47:58.595575,173,173,173,173,318893,318893
2016-08-22T11:47:58.603388,174,174,174,174,318894,318894
2016-08-22T11:47:58.611200,175,175,175,175,318895,318895
2016-08-22T11:47:58.619012,176,176,176,176,318896,318896
2016-08-22T11:47:58.626825,177,177,177,177,318897,318897
2016-08-22T11:47:58.634638,178,178,178,178,318898,318898
2016-08-22T11:47:58.642450,179,179,179,179,318899,318899
2016-08-22T11:47:58.650262,180,180,180,180,318900,318900
2016-08-22T11:47:58.658075,181,181,181,181,318901,318901
2016-08-22T11:47:58.665888,182,182,182,182,318902,318902
2016-08-22T11:47:58.673700,183,183,183,183,318903,318903
2016-08-22T11:47:58.681512,184,184,184,184,318904,318904
2016-08-22T11:47:58.689325,185,185,185,185,318905,318905
2016-08-22T11:47:58.697138,186,186,186,186,318906,318906
2016-08-22T11:47:58.704950,187,187,187,187,318907,318907
2016-08-22T11:47:58.712762,188,188,188,188,318908,318908
2016-08-22T11:47:58.720575,189,189,189,189,318909,318909
2016-08-22T11:47:58.728388,190,190,190,190,318910,318910
2016-08-22T11:47:58.736200,191,191,191,191,318911,318911
2016-08-22T11:47:58.744012,192,192,192,192,318912,318912
2016-08-22T11:47:58.751825,193,193,193,193,318913,318913
2016-08-22T11:47:58.759638,194,194,194,194,318914,318914
2016-08-22T11:47:58.767450,195,195,195,195,318915,318915
2016-08-22T11:47:58.775262,196,196,196,196,318916,318916
2016-08-22T11:47:58.783075,197,197,197,197,318917,318917
2016-08-22T11:47:58.790888,198,198,198,198,318918,318918
2016-08-22T11:47:58.798700,199,199,199,199,318919,318919
2016-08-22T11:47:58.806512,200,200,200,200,318920,318920
2016-08-22T11:47:58.814325,201,201,201,201,318921,318921
2016-08-22T11:47:58.822138,202,202,202,202,318922,318922
2016-08-22T11:47:58.829950,203,203,203,203,318923,318923
2016-08-22T11:47:58.837762,204,204,204,204,318924,318924
2016-08-22T11:47:58.845575,205,205,205,205,318925,318925
2016-08-22T11:47:58.853388,206,206,206,206,318926,318926
2016-08-22T11:47:58.861200,207,207,207,207,318927,318927
2016-08-22T11:47:58.869012,208,208,208,208,318928,318928
2016-08-22T11:47:58.876825,209,209,209,209,318929,318929
2016-08-22T11:47:58.884638,210,210,210,210,318930,318930
2016-08-22T11:47:58.892450,211,211,211,211,318931,318931
2016-08-22T11:47:58.900262,212,212,212,212,318932,318932
2016-08-22T11:47:58.908075,213,213,213,213,318933,318933
2016-08-22T11:47:58.915888,214,214,214,214,318934,318934
2016-08-22T11:47:58.923700,215,215,215,215,318935,318935
2016-08-22T11:47:58.931512,216,216,216,216,318936,318936
2016-08-22T11:47:58.939325,217,217,217,217,318937,318937
2016-08-22T11:47:58.947138,218,218,218,218,318938,318938
2016-08-22T11:47:58.954950,219,219,219,219,318939,318939
2016-08-22T11:47:58.962762,220,220,220,220,318940,318940
2016-08-22T11:47:58.970575,221,221,221,221,318941,318941
2016-08-22T11:47:58.978388,222,222,222,222,318942,318942
2016-08-22T11:47:58.986200,223,223,223,223,318943,318943
2016-08-22T11:47:58.994012,224,224,224,224,318944,318944
2016-08-22T11:47:59.001825,225,225,225,225,318945,318945
2016-08-22T11:47:59.009638,226,226,226,226,318946,318946
2016-08-22T11:47:59.017450,227,227,227,227,318947,318947
2016-08-22T11:47:59.025262,228,228,228,228,318948,318948
2016-08-22T11:47:59.033075,229,229,229,229,318949,318949
2016-08-22T11:47:59.040888,230,230,230,230,318950,318950
2016-08-22T11:47:59.048700,231,231,231,231,318951,318951
2016-08-22T11:47:59.056512,232,232,232,232,318952,318952
2016-08-22T11:47:59.064325,233,233,233,233,318953,318953
2016-08-22T11:47:59.072138,234,234,234,234,318954,318954
2016-08-22T11:47:59.079950,235,235,235,235,318955,318955
2016-08-22T11:47:59.087762,236,236,236,236,318956,318956
2016-08-22T11:47:59.095575,237,237,237,237,318957,318957
2016-08-22T11:47:59.103388,238,238,238,238,318958,318958
2016-08-22T11:47:59.111200,239,239,239,239,318959,318959
2016-08-22T11:47:59.119012,240,240,240,240,318960,318960
2016-08-22T11:47:59.126825,241,241,241,241,318961,318961
2016-08-22T11:47:59.134638,242,242,242,242,318962,318962
2016-08-22T11:47:59.142450,243,243,243,243,318963,318963
2016-08-22T11:47:59.150262,244,244,244,244,318964,318964
2016-08-22T11:47:59.158075,245,245,245,245,318965,318965
2016-08-22T11:47:59.165888,246,246,246,246,318966,318966
2016-08-22T11:47:59.173700,247,247,247,247,318967,318967
2016-08-22T11:47:59.181512,248,248,248,248,318968,318968
2016-08-22T11:47:59.189325,249,249,249,249,318969,318969
2016-08-22T11:47:59.197138,250,250,250,250,318970,318970
2016-08-22T11:47:59.204950,251,251,251,251,318971,318971
2016-08-22T11:47:59.212762,252,252,252,252,318972,318972
2016-08-22T11:47:59.220575,253,253,253,253,318973,318973
2016-08-22T11:47:59.228388,254,254,254,254,318974,318974
2016-08-22T11:47:59.236200,255,255,255,255,318975,318975
2016-08-22T11:47:59.244012,0,0,0,0,318976,318976
2016-08-22T11:47:59.251825,1,1,1,1,318977,318977
2016-08-22T11:47:59.259638,2,2,2,2,318978,318978
2016-08-22T11:47:59.267450,3,3,3,3,318979,318979
2016-08-22T11:47:59.275262,4,4,4,4,318980,318980
2016-08-22T11:47:59.283075,5,5,5,5,318981,318981
2016-08-22T11:47:59.290888,6,6,6,6,318982,318982
2016-08-22T11:47:59.298700,7,7,7,7,318983,318983
2016-08-22T11:47:59.306512,8,8,8,8,318984,318984
2016-08-22T11:47:59.314325,9,9,9,9,318985,318985
2016-08-22T11:47:59.322138,10,10,10,10,318986,318986
2016-08-22T11:47:59.329950,11,11,11,11,318987,318987
2016-08-22T11:47:59.337762,12,12,12,12,318988,318988
2016-08-22T11:47:59.345575,13,13,13,13,318989,318989
2016-08-22T11:47:59.353388,14,14,14,14,318990,318990
2016-08-22T11:47:59.361200,15,15,15,15,318991,318991
2016-08-22T11:47:59.369012,16,16,16,16,318992,318992
2016-08-22T11:47:59.376825,17,17,17,17,318993,318993
2016-08-22T11:47:59.384638,18,18,18,18,318994,318994
2016-08-22T11:47:59.392450,19,19,19,19,318995,318995
2016-08-22T11:47:59.400262,20,20,20,20,318996,318996
2016-08-22T11:47:59.408075,21,21,21,21,318997,318997
2016-08-22T11:47:59.415888,22,22,22,22,318998,318998
2016-08-22T11:47:59.423700,23,23,23,23,318999,318999
2016-08-22T11:47:59.431512,24,24,24,24,319000,319000
2016-08-22T11:47:59.439325,25,25,25,25,319001,319001
2016-08-22T11:47:59.447138,26,26,26,26,319002,319002
2016-08-22T11:47:59.454950,27,27,27,27,319003,319003
2016-08-22T11:47:59.462762,28,28,28,28,319004,319004
2016-08-22T11:47:59.470575,29,29,29,29,319005,319005
2016-08-22T11:47:59.478388,30,30,30,30,319006,319006
2016-08-22T11:47:59.486200,31,31,31,31,319007,319007
2016-08-22T11:47:59.494012,32,32,32,32,319008,319008
2016-08-22T11:47:59.501825,33,33,33,33,319009,319009
2016-08-22T11:47:59.509638,34,34,34,34,319010,319010
2016-08-22T11:47:59.517450,35,35,35,35,319011,319011
2016-08-22T11:47:59.525262,36,36,36,36,319012,319012
2016-08-22T11:47:59.533075,37,37,37,37,319013,319013
2016-08-22T11:47:59.540888,38,38,38,38,319014,319014
2016-08-22T11:47:59.548700,39,39,39,39,319015,319015
2016-08-22T11:47:59.556512,40,40,40,40,319016,319016
2016-08-22T11:47:59.564325,41,41,41,41,319017,319017
2016-08-22T11:47:59.572138,42,42,42,42,319018,319018
2016-08-22T11:47:59.579950,43,43,43,43,319019,319019
2016-08-22T11:47:59.587762,44,44,44,44,319020,319020
2016-08-22T11:47:59.595575,45,45,45,45,319021,319021
2016-08-22T11:47:59.603388,46,46,46,46,319022,319022
2016-08-22T11:47:59.611200,47,47,47,47,319023,319023
2016-08-22T11:47:59.619012,48,48,48,48,319024,319024
2016-08-22T11:47:59.626825,49,49,49,49,319025,319025
2016-08-22T11:47:59.634638,50,50,50,50,319026,319026
2016-08-22T11:47:59.642450,51,51,51,51,319027,319027
2016-08-22T11:47:59.650262,52,52,52,52,319028,319028
2016-08-22T11:47:59.658075,53,53,53,53,319029,319029
2016-08-22T11:47:59.665888,54,54,54,54,319030,319030
2016-08-22T11:47:59.673700,55,55,55,55,319031,319031
2016-08-22T11:47:59.681512,56,56,56,56,319032,319032
2016-08-22T11:47:59.689325,57,57,57,57,319033,319033
2016-08-22T11:47:59.697138,58,58,58,58,319034,319034
2016-08-22T11:47:59.704950,59,59,59,59,319035,319035
2016-08-22T11:47:59.712762,60,60,60,60,319036,319036
2016-08-22T11:47:59.720575,61,61,61,61,319037,319037
2016-08-22T11:47:59.728388,62,62,62,62,319038,319038
2016-08-22T11:47:59.736200,63,63,63,63,319039,319039
2016-08-22T11:47:59.744012,64,64,64,64,319040,319040
2016-08-22T11:47:59.751825,65,65,65,65,319041,319041
2016-08-22T11:47:59.759638,66,66,66,66,319042,319042
2016-08-22T11:47:59.767450,67,67,67,67,319043,319043
2016-08-22T11:47:59.775262,68,68,68,68,319044,319044
2016-08-22T11:47:59.783075,69,69,69,69,319045,319045
2016-08-22T11:47:59.790888,70,70,70,70,319046,319046
2016-08-22T11:47:59.798700,71,71,71,71,319047,319047
2016-08-22T11:47:59.806512,72,72,72,72,319048,319048
2016-08-22T11:47:59.814325,73,73,73,73,319049,319049
2016-08-22T11:47:59.822138,74,74,74,74,319050,319050
2016-08-22T11:47:59.829950,75,75,75,75,319051,319051
2016-08-22T11:47:59.837762,76,76,76,76,319052,319052
2016-08-22T11:47:59.845575,77,77,77,77,319053,319053
2016-08-22T11:47:59.853388,78,78,78,78,319054,319054
2016-08-22T11:47:59.861200,79,79,79,79,319055,319055
2016-08-22T11:47:59.869012,80,80,80,80,319056,319056
2016-08-22T11:47:59.876825,81,81,81,81,319057,319057
2016-08-22T11:47:59.884638,82,82,82,82,319058,319058
2016-08-22T11:47:59.892450,83,83,83,83,319059,319059
2016-08-22T11:47:59.900262,84,84,84,84,319060,319060
2016-08-22T11:47:59.908075,85,85,85,85,319061,319061
2016-08-22T11:47:59.915888,86,86,86,86,319062,319062
2016-08-22T11:47:59.923700,87,87,87,87,319063,319063
2016-08-22T11:47:59.931512,88,88,88,88,319064,319064
2016-08-22T11:47:59.939325,89,89,89,89,319065,319065
2016-08-22T11:47:59.947138,90,90,90,90,319066,319066
2016-08-22T11:47:59.954950,91,91,91,91,319067,319067
2016-08-22T11:47:59.962762,92,92,92,92,319068,319068
2016-08-22T11:47:59.970575,93,93,93,93,319069,319069
2016-08-22T11:47:59.978388,94,94,94,94,319070,319070
2016-08-22T11:47:59.986200,95,95,95,95,319071,319071
2016-08-22T11:47:59.994012,96,96,96,96,319072,319072
2016-08-22T11:48:00.001825,97,97,97,97,319073,319073
2016-08-22T11:48:00.009638,98,98,98,98,319074,319074
2016-08-22T11:48:00.017450,99,99,99,99,319075,319075
2016-08-22T11:48:00.025262,100,100,100,100,319076,319076
2016-08-22T11:48:00.033075,101,101,101,101,319077,319077
2016-08-22T11:48:00.040888,102,102,102,102,319078,319078
2016-08-22T11:48:00.048700,103,103,103,103,319079,319079
2016-08-22T11:48:00.056512,104,104,104,104,319080,319080
2016-08-22T11:48:00.064325,105,105,105,105,319081,319081
2016-08-22T11:48:00.072138,106,106,106,106,319082,319082
2016-08-22T11:48:00.079950,107,107,107,107,319083,319083
2016-08-22T11:48:00.087762,108,108,108,108,319084,319084
2016-08-22T11:48:00.095575,109,109,109,109,319085,319085
2016-08-22T11:48:00.103388,110,110,110,110,319086,319086
2016-08-22T11:48:00.111200,111,111,111,111,319087,319087
2016-08-22T11:48:00.119012,112,112,112,112,319088,319088
2016-08-22T11:48:00.126825,113,113,113,113,319089,319089
2016-08-22T11:48:00.134638,114,114,114,114,319090,319090
2016-08-22T11:48:00.142450,115,115,115,115,319091,319091
2016-08-22T11:48:00.150262,116,116,116,116,319092,319092
2016-08-22T11:48:00.158075,117,117,117,117,319093,319093
2016-08-22T11:48:00.165888,118,118,118,118,319094,319094
2016-08-22T11:48:00.173700,119,119,119,119,319095,319095
2016-08-22T11:48:00.181512,120,120,120,120,319096,319096
2016-08-22T11:48:00.189325,121,121,121,121,319097,319097
2016-08-22T11:48:00.197138,122,122,122,122,319098,319098
2016-08-22T11:48:00.204950,123,123,123,123,319099,319099
2016-08-22T11:48:00.212762,124,124,124,124,319100,319100
2016-08-22T11:48:00.220575,125,125,125,125,319101,319101
2016-08-22T11:48:00.228388,126,126,126,126,319102,319102
2016-08-22T11:48:00.236200,127,127,127,127,319103,319103
2016-08-22T11:48:00.244012,128,128,128,128,319104,319104
2016-08-22T11:48:00.251825,129,129,129,129,319105,319105
2016-08-22T11:48:00.259638,130,130,130,130,319106,319106
2016-08-22T11:48:00.267450,131,131,131,131,319107,319107
2016-08-22T11:48:00.275262,132,132,132,132,319108,319108
2016-08-22T11:48:00.283075,133,133,133,133,319109,319109
2016-08-22T11:48:00.290888,134,134,134,134,319110,319110
2016-08-22T11:48:00.298700,135,135,135,135,319111,319111
2016-08-22T11:48:00.306512,136,136,136,136,319112,319112
2016-08-22T11:48:00.314325,137,137,137,137,319113,319113
2016-08-22T11:48:00.322138,138,138,138,138,319114,319114
2016-08-22T11:48:00.329950,139,139,139,139,319115,319115
2016-08-22T11:48:00.337762,140,140,140,140,319116,319116
2016-08-22T11:48:00.345575,141,141,141,141,319117,319117
2016-08-22T11:48:00.353388,142,142,142,142,319118,319118
2016-08-22T11:48:00.361200,143,143,143,143,319119,319119
2016-08-22T11:48:00.369012,144,144,144,144,319120,319120
2016-08-22T11:48:00.376825,145,145,145,145,319121,319121
2016-08-22T11:48:00.384638,146,146,146,146,319122,319122
2016-08-22T11:48:00.392450,147,147,147,147,319123,319123
2016-08-22T11:48:00.400262,148,148,148,148,319124,319124
2016-08-22T11:48:00.408075,149,149,149,149,319125,319125
2016-08-22T11:48:00.415888,150,150,150,150,319126,319126
2016-08-22T11:48:00.423700,151,151,151,151,319127,319127
2016-08-22T11:48:00.431512,152,152,152,152,319128,319128
2016-08-22T11:48:00.439325,153,153,153,153,319129,319129
2016-08-22T11:48:00.447138,154,154,154,154,319130,319130
2016-08-22T11:48:00.454950,155,155,155,155,319131,319131
2016-08-22T11:48:00.462762,156,156,156,156,319132,319132
2016-08-22T11:48:00.470575,157,157,157,157,319133,319133
2016-08-22T11:48:00.478388,158,158,158,158,319134,319134
2016-08-22T11:48:00.486200,159,159,159,159,319135,319135
2016-08-22T11:48:00.494012,160,160,160,160,319136,319136
2016-08-22T11:48:00.501825,161,161,161,161,319137,319137
2016-08-22T11:48:00.509638,162,162,162,162,319138,319138
2016-08-22T11:48:00.517450,163,163,163,163,319139,319139
2016-08-22T11:48:00.525262,164,164,164,164,319140,319140
2016-08-22T11:48:00.533075,165,165,165,165,319141,319141
2016-08-22T11:48:00.540888,166,166,166,166,319142,319142
2016-08-22T11:48:00.548700,167,167,167,167,319143,319143
2016-08-22T11:48:00.556512,168,168,168,168,319144,319144
2016-08-22T11:48:00.564325,169,169,169,169,319145,319145
2016-08-22T11:48:00.572138,170,170,170,170,319146,319146
2016-08-22T11:48:00.579950,171,171,171,171,319147,319147
2016-08-22T11:48:00.587762,172,172,172,172,319148,319148
2016-08-22T11:48:00.595575,173,173,173,173,319149,319149
2016-08-22T11:48:00.603388,174,174,174,174,319150,319150
2016-08-22T11:48:00.611200,175,175,175,175,319151,319151
2016-08-22T11:48:00.619012,176,176,176,176,319152,319152
2016-08-22T11:48:00.626825,177,177,177,177,319153,319153
2016-08-22T11:48:00.634638,178,178,178,178,319154,319154
2016-08-22T11:48:00.642450,179,179,179,179,319155,319155
2016-08-22T11:48:00.650262,180,180,180,180,319156,319156
2016-08-22T11:48:00.658075,181,181,181,181,319157,319157
2016-08-22T11:48:00.665888,182,182,182,182,319158,319158
2016-08-22T11:48:00.673700,183,183,183,183,319159,319159
2016-08-22T11:48:00.681512,184,184,184,184,319160,319160
2016-08-22T11:48:00.689325,185,185,185,185,319161,319161
2016-08-22T11:48:00.697138,186,186,186,186,319162,319162
2016-08-22T11:48:00.704950,187,187,187,187,319163,319163
2016-08-22T11:48:00.712762,188,188,188,188,319164,319164
2016-08-22T11:48:00.720575,189,189,189,189,319165,319165
2016-08-22T11:48:00.728388,190,190,190,190,319166,319166
2016-08-22T11:48:00.736200,191,191,191,191,319167,319167
2016-08-22T11:48:00.744012,192,192,192,192,319168,319168
2016-08-22T11:48:00.751825,193,193,193,193,319169,319169
2016-08-22T11:48:00.759638,194,194,194,194,319170,319170
2016-08-22T11:48:00.767450,195,195,195,195,319171,319171
2016-08-22T11:48:00.775262,196,196,196,196,319172,319172
2016-08-22T11:48:00.783075,197,197,197,197,319173,319173
2016-08-22T11:48:00.790888,198,198,198,198,319174,319174
2016-08-22T11:48:00.798700,199,199,199,199,319175,319175
2016-08-22T11:48:00.806512,200,200,200,200,319176,319176
2016-08-22T11:48:00.814325,201,201,201,201,319177,319177
2016-08-22T11:48:00.822138,202,202,202,202,319178,319178
2016-08-22T11:48:00.829950,203,203,203,203,319179,319179
2016-08-22T11:48:00.837762,204,204,204,204,319180,319180
2016-08-22T11:48:00.845575,205,205,205,205,319181,319181
2016-08-22T11:48:00.853388,206,206,206,206,319182,319182
2016-08-22T11:48:00.861200,207,207,207,207,319183,319183
2016-08-22T11:48:00.869012,208,208,208,208,319184,319184
2016-08-22T11:48:00.876825,209,209,209,209,319185,319185
2016-08-22T11:48:00.884638,210,210,210,210,319186,319186
2016-08-22T11:48:00.892450,211,211,211,211,319187,319187
2016-08-22T11:48:00.900262,212,212,212,212,319188,319188
2016-08-22T11:48:00.908075,213,213,213,213,319189,319189
2016-08-22T11:48:00.915888,214,214,214,214,319190,319190
2016-08-22T11:48:00.923700,215,215,215,215,319191,319191
2016-08-22T11:48:00.931512,216,216,216,216,319192,319192
2016-08-22T11:48:00.939325,217,217,217,217,319193,319193
2016-08-22T11:48:00.947138,218,218,218,218,319194,319194
2016-08-22T11:48:00.954950,219,219,219,219,319195,319195
2016-08-22T11:48:00.962762,220,220,220,220,319196,319196
2016-08-22T11:48:00.970575,221,221,221,221,319197,319197
2016-08-22T11:48:00.978388,222,222,222,222,319198,319198
2016-08-22T11:48:00.986200,223,223,223,223,319199,319199
2016-08-22T11:48:00.994012,224,224,224,224,319200,319200
2016-08-22T11:48:01.001825,225,225,225,225,319201,319201
2016-08-22T11:48:01.009638,226,226,226,226,319202,319202
2016-08-22T11:48:01.017450,227,227,227,227,319203,319203
2016-08-22T11:48:01.025262,228,228,228,228,319204,319204
2016-08-22T11:48:01.033075,229,229,229,229,319205,319205
2016-08-22T11:48:01.040888,230,230,230,230,319206,319206
2016-08-22T11:48:01.048700,231,231,231,231,319207,319207
2016-08-22T11:48:01.056512,232,232,232,232,319208,319208
2016-08-22T11:48:01.064325,233,233,233,233,319209,319209
2016-08-22T11:48:01.072138,234,234,234,234,319210,319210
2016-08-22T11:48:01.079950,235,235,235,235,319211,319211
2016-08-22T11:48:01.087762,236,236,236,236,319212,319212
2016-08-22T11:48:01.095575,237,237,237,237,319213,319213
2016-08-22T11:48:01.103388,238,238,238,238,319214,319214
2016-08-22T11:48:01.111200,239,239,239,239,319215,319215
2016-08-22T11:48:01.119012,240,240,240,240,319216,319216
2016-08-22T11:48:01.126825,241,241,241,241,319217,319217
2016-08-22T11:48:01.134638,242,242,242,242,319218,319218
2016-08-22T11:48:01.142450,243,243,243,243,319219,319219
2016-08-22T11:48:01.150262,244,244,244,244,319220,319220
2016-08-22T11:48:01.158075,245,245,245,245,319221,319221
2016-08-22T11:48:01.165888,246,246,246,246,319222,319222
2016-08-22T11:48:01.173700,247,247,247,247,319223,319223
2016-08-22T11:48:01.181512,248,248,248,248,319224,319224
2016-08-22T11:48:01.189325,249,249,249,249,319225,319225
2016-08-22T11:48:01.197138,250,250,250,250,319226,319226
2016-08-22T11:48:01.204950,251,251,251,251,319227,319227
2016-08-22T11:48:01.212762,252,252,252,252,319228,319228
2016-08-22T11:48:01.220575,253,253,253,253,319229,319229
2016-08-22T11:48:01.228388,254,254,254,254,319230,319230
2016-08-22T11:48:01.236200,255,255,255,255,319231,319231
2016-08-22T11:48:01.244012,0,0,0,0,319232,319232
2016-08-22T11:48:01.251825,1,1,1,1,319233,319233
2016-08-22T11:48:01.259638,2,2,2,2,319234,319234
2016-08-22T11:48:01.267450,3,3,3,3,319235,319235
2016-08-22T11:48:01.275262,4,4,4,4,319236,319236
2016-08-22T11:48:01.283075,5,5,5,5,319237,319237
2016-08-22T11:48:01.290888,6,6,6,6,319238,319238
2016-08-22T11:48:01.298700,7,7,7,7,319239,319239
2016-08-22T11:48:01.306512,8,8,8,8,319240,319240
2016-08-22T11:48:01.314325,9,9,9,9,319241,319241
2016-08-22T11:48:01.322138,10,10,10,10,319242,319242
2016-08-22T11:48:01.329950,11,11,11,11,319243,319243
2016-08-22T11:48:01.337762,12,12,12,12,319244,319244
2016-08-22T11:48:01.345575,13,13,13,13,319245,319245
2016-08-22T11:48:01.353388,14,14,14,14,319246,319246
2016-08-22T11:48:01.361200,15,15,15,15,319247,319247
2016-08-22T11:48:01.369012,16,16,16,16,319248,319248
2016-08-22T11:48:01.376825,17,17,17,17,319249,319249
2016-08-22T11:48:01.384638,18,18,18,18,319250,319250
2016-08-22T11:48:01.392450,19,19,19,19,319251,319251
2016-08-22T11:48:01.400262,20,20,20,20,319252,319252
2016-08-22T11:48:01.408075,21,21,21,21,319253,319253
2016-08-22T11:48:01.415888,22,22,22,22,319254,319254
2016-08-22T11:48:01.423700,23,23,23,23,319255,319255
2016-08-22T11:48:01.431512,24,24,24,24,319256,319256
2016-08-22T11:48:01.439325,25,25,25,25,319257,319257
2016-08-22T11:48:01.447138,26,26,26,26,319258,319258
2016-08-22T11:48:01.454950,27,27,27,27,319259,319259
2016-08-22T11:48:01.462762,28,28,28,28,319260,319260
2016-08-22T11:48:01.470575,29,29,29,29,319261,319261
2016-08-22T11:48:01.478388,30,30,30,30,319262,319262
2016-08-22T11:48:01.486200,31,31,31,31,319263,319263
2016-08-22T11:48:01.494012,32,32,32,32,319264,319264
2016-08-22T11:48:01.501825,33,33,33,33,319265,319265
2016-08-22T11:48:01.509638,34,34,34,34,319266,319266
2016-08-22T11:48:01.517450,35,35,35,35,319267,319267
2016-08-22T11:48:01.525262,36,36,36,36,319268,319268
2016-08-22T11:48:01.533075,37,37,37,37,319269,319269
2016-08-22T11:48:01.540888,38,38,38,38,319270,319270
2016-08-22T11:48:01.548700,39,39,39,39,319271,319271
2016-08-22T11:48:01.556512,40,40,40,40,319272,319272
2016-08-22T11:48:01.564325,41,41,41,41,319273,319273
2016-08-22T11:48:01.572138,42,42,42,42,319274,319274
2016-08-22T11:48:01.579950,43,43,43,43,319275,319275
2016-08-22T11:48:01.587762,44,44,44,44,319276,319276
2016-08-22T11:48:01.595575,45,45,45,45,319277,319277
2016-08-22T11:48:01.603388,46,46,46,46,319278,319278
2016-08-22T11:48:01.611200,47,47,47,47,319279,319279
2016-08-22T11:48:01.619012,48,48,48,48,319280,319280
2016-08-22T11:48:01.626825,49,49,49,49,319281,319281
2016-08-22T11:48:01.634638,50,50,50,50,319282,319282
2016-08-22T11:48:01.642450,51,51,51,51,319283,319283
2016-08-22T11:48:01.650262,52,52,52,52,319284,319284
2016-08-22T11:48:01.658075,53,53,53,53,319285,319285
2016-08-22T11:48:01.665888,54,54,54,54,319286,319286
2016-08-22T11:48:01.673700,55,55,55,55,319287,319287
2016-08-22T11:48:01.681512,56,56,56,56,319288,319288
2016-08-22T11:48:01.689325,57,57,57,57,319289,319289
2016-08-22T11:48:01.697138,58,58,58,58,319290,319290
2016-08-22T11:48:01.704950,59,59,59,59,319291,319291
2016-08-22T11:48:01.712762,60,60,60,60,319292,319292
2016-08-22T11:48:01.720575,61,61,61,61,319293,319293
2016-08-22T11:48:01.728388,62,62,62,62,319294,319294
2016-08-22T11:48:01.736200,63,63,63,63,319295,319295
2016-08-22T11:48:01.744012,64,64,64,64,319296,319296
2016-08-22T11:48:01.751825,65,65,65,65,319297,319297
2016-08-22T11:48:01.759638,66,66,66,66,319298,319298
2016-08-22T11:48:01.767450,67,67,67,67,319299,319299
2016-08-22T11:48:01.775262,68,68,68,68,319300,319300
2016-08-22T11:48:01.783075,69,69,69,69,319301,319301
2016-08-22T11:48:01.790888,70,70,70,70,319302,319302
2016-08-22T11:48:01.798700,71,71,71,71,319303,319303
2016-08-22T11:48:01.806512,72,72,72,72,319304,319304
2016-08-22T11:48:01.814325,73,73,73,73,319305,319305
2016-08-22T11:48:01.822138,74,74,74,74,319306,319306
2016-08-22T11:48:01.829950,75,75,75,75,319307,319307
2016-08-22T11:48:01.837762,76,76,76,76,319308,319308
2016-08-22T11:48:01.845575,77,77,77,77,319309,319309
2016-08-22T11:48:01.853388,78,78,78,78,319310,319310
2016-08-22T11:48:01.861200,79,79,79,79,319311,319311
2016-08-22T11:48:01.869012,80,80,80,80,319312,319312
2016-08-22T11:48:01.876825,81,81,81,81,319313,319313
2016-08-22T11:48:01.884638,82,82,82,82,319314,319314
2016-08-22T11:48:01.892450,83,83,83,83,319315,319315
2016-08-22T11:48:01.900262,84,84,84,84,319316,319316
2016-08-22T11:48:01.908075,85,85,85,85,319317,319317
2016-08-22T11:48:01.915888,86,86,86,86,319318,319318
2016-08-22T11:48:01.923700,87,87,87,87,319319,319319
2016-08-22T11:48:01.931512,88,88,88,88,319320,319320
2016-08-22T11:48:01.939325,89,89,89,89,319321,319321
2016-08-22T11:48:01.947138,90,90,90,90,319322,319322
2016-08-22T11:48:01.954950,91,91,91,91,319323,319323
2016-08-22T11:48:01.962762,92,92,92,92,319324,319324
2016-08-22T11:48:01.970575,93,93,93,93,319325,319325
2016-08-22T11:48:01.978388,94,94,94,94,319326,319326
2016-08-22T11:48:01.986200,95,95,95,95,319327,319327
2016-08-22T11:48:01.994012,96,96,96,96,319328,319328
2016-08-22T11:48:02.001825,97,97,97,97,319329,319329
2016-08-22T11:48:02.009638,98,98,98,98,319330,319330
2016-08-22T11:48:02.017450,99,99,99,99,319331,319331
2016-08-22T11:48:02.025262,100,100,100,100,319332,319332
2016-08-22T11:48:02.033075,101,101,101,101,319333,319333
2016-08-22T11:48:02.040888,102,102,102,102,319334,319334
2016-08-22T11:48:02.048700,103,103,103,103,319335,319335
2016-08-22T11:48:02.056512,104,104,104,104,319336,319336
2016-08-22T11:48:02.064325,105,105,105,105,319337,319337
2016-08-22T11:48:02.072138,106,106,106,106,319338,319338
2016-08-22T11:48:02.079950,107,107,107,107,319339,319339
2016-08-22T11:48:02.087762,108,108,108,108,319340,319340
2016-08-22T11:48:02.095575,109,109,109,109,319341,319341
2016-08-22T11:48:02.103388,110,110,110,110,319342,319342
2016-08-22T11:48:02.111200,111,111,111,111,319343,319343
2016-08-22T11:48:02.119012,112,112,112,112,319344,319344
2016-08-22T11:48:02.126825,113,113,113,113,319345,319345
2016-08-22T11:48:02.134638,114,114,114,114,319346,319346
2016-08-22T11:48:02.142450,115,115,115,115,319347,319347
2016-08-22T11:48:02.150262,116,116,116,116,319348,319348
2016-08-22T11:48:02.158075,117,117,117,117,319349,319349
2016-08-22T11:48:02.165888,118,118,118,118,319350,319350
2016-08-22T11:48:02.173700,119,119,119,119,319351,319351
2016-08-22T11:48:02.181512,120,120,120,120,319352,319352
2016-08-22T11:48:02.189325,121,121,121,121,319353,319353
2016-08-22T11:48:02.197138,122,122,122,122,319354,319354
2016-08-22T11:48:02.204950,123,123,123,123,319355,319355
2016-08-22T11:48:02.212762,124,124,124,124,319356,319356
2016-08-22T11:48:02.220575,125,125,125,125,319357,319357
2016-08-22T11:48:02.228388,126,126,126,126,319358,319358
2016-08-22T11:48:02.236200,127,127,127,127,319359,319359
2016-08-22T11:48:02.244012,128,128,128,128,319360,319360
2016-08-22T11:48:02.251825,129,129,129,129,319361,319361
2016-08-22T11:48:02.259638,130,130,130,130,319362,319362
2016-08-22T11:48:02.267450,131,131,131,131,319363,319363
2016-08-22T11:48:02.275262,132,132,132,132,319364,319364
2016-08-22T11:48:02.283075,133,133,133,133,319365,319365
2016-08-22T11:48:02.290888,134,134,134,134,319366,319366
2016-08-22T11:48:02.298700,135,135,135,135,319367,319367
2016-08-22T11:48:02.306512,136,136,136,136,319368,319368
2016-08-22T11:48:02.314325,137,137,137,137,319369,319369
2016-08-22T11:48:02.322138,138,138,138,138,319370,319370
2016-08-22T11:48:02.329950,139,139,139,139,319371,319371
2016-08-22T11:48:02.337762,140,140,140,140,319372,319372
2016-08-22T11:48:02.345575,141,141,141,141,319373,319373
2016-08-22T11:48:02.353388,142,142,142,142,319374,319374
2016-08-22T11:48:02.361200,143,143,143,143,319375,319375
2016-08-22T11:48:02.369012,144,144,144,144,319376,319376
2016-08-22T11:48:02.376825,145,145,145,145,319377,319377
2016-08-22T11:48:02.384638,146,146,146,146,319378,319378
2016-08-22T11:48:02.392450,147,147,147,147,319379,319379
2016-08-22T11:48:02.400262,148,148,148,148,319380,319380
2016-08-22T11:48:02.408075,149,149,149,149,319381,319381
2016-08-22T11:48:02.415888,150,150,150,150,319382,319382
2016-08-22T11:48:02.423700,151,151,151,151,319383,319383
2016-08-22T11:48:02.431512,152,152,152,152,319384,319384
2016-08-22T11:48:02.439325,153,153,153,153,319385,319385
2016-08-22T11:48:02.447138,154,154,154,154,319386,319386
2016-08-22T11:48:02.454950,155,155,155,155,319387,319387
2016-08-22T11:48:02.462762,156,156,156,156,319388,319388
2016-08-22T11:48:02.470575,157,157,157,157,319389,319389
2016-08-22T11:48:02.478388,158,158,158,158,319390,319390
2016-08-22T11:48:02.486200,159,159,159,159,319391,319391
2016-08-22T11:48:02.494012,160,160,160,160,319392,319392
2016-08-22T11:48:02.501825,161,161,161,161,319393,319393
2016-08-22T11:48:02.509638,162,162,162,162,319394,319394
2016-08-22T11:48:02.517450,163,163,163,163,319395,319395
2016-08-22T11:48:02.525262,164,164,164,164,319396,319396
2016-08-22T11:48:02.533075,165,165,165,165,319397,319397
2016-08-22T11:48:02.540888,166,166,166,166,319398,319398
2016-08-22T11:48:02.548700,167,167,167,167,319399,319399
2016-08-22T11:48:02.556512,168,168,168,168,319400,319400
2016-08-22T11:48:02.564325,169,169,169,169,319401,319401
2016-08-22T11:48:02.572138,170,170,170,170,319402,319402
2016-08-22T11:48:02.579950,171,171,171,171,319403,319403
2016-08-22T11:48:02.587762,172,172,172,172,319404,319404
2016-08-22T11:48:02.595575,173,173,173,173,319405,319405
2016-08-22T11:48:02.603388,174,174,174,174,319406,319406
2016-08-22T11:48:02.611200,175,175,175,175,319407,319407
2016-08-22T11:48:02.619012,176,176,176,176,319408,319408
2016-08-22T11:48:02.626825,177,177,177,177,319409,319409
2016-08-22T11:48:02.634638,178,178,178,178,319410,319410
2016-08-22T11:48:02.642450,179,179,179,179,319411,319411
2016-08-22T11:48:02.650262,180,180,180,180,319412,319412
2016-08-22T11:48:02.658075,181,181,181,181,319413,319413
2016-08-22T11:48:02.665888,182,182,182,182,319414,319414
2016-08-22T11:48:02.673700,183,183,183,183,319415,319415
2016-08-22T11:48:02.681512,184,184,184,184,319416,319416
2016-08-22T11:48:02.689325,185,185,185,185,319417,319417
2016-08-22T11:48:02.697138,186,186,186,186,319418,319418
2016-08-22T11:48:02.704950,187,187,187,187,319419,319419
2016-08-22T11:48:02.712762,188,188,188,188,319420,319420
2016-08-22T11:48:02.720575,189,189,189,189,319421,319421
2016-08-22T11:48:02.728388,190,190,190,190,319422,319422
2016-08-22T11:48:02.736200,191,191,191,191,319423,319423
2016-08-22T11:48:02.744012,192,192,192,192,319424,319424
2016-08-22T11:48:02.751825,193,193,193,193,319425,319425
2016-08-22T11:48:02.759638,194,194,194,194,319426,319426
2016-08-22T11:48:02.767450,195,195,195,195,319427,319427
2016-08-22T11:48:02.775262,196,196,196,196,319428,319428
2016-08-22T11:48:02.783075,197,197,197,197,319429,319429
2016-08-22T11:48:02.790888,198,198,198,198,319430,319430
2016-08-22T11:48:02.798700,199,199,199,199,319431,319431
2016-08-22T11:48:02.806512,200,200,200,200,319432,319432
2016-08-22T11:48:02.814325,201,201,201,201,319433,319433
2016-08-22T11:48:02.822138,202,202,202,202,319434,319434
2016-08-22T11:48:02.829950,203,203,203,203,319435,319435
2016-08-22T11:48:02.837762,204,204,204,204,319436,319436
2016-08-22T11:48:02.845575,205,205,205,205,319437,319437
2016-08-22T11:48:02.853388,206,206,206,206,319438,319438
2016-08-22T11:48:02.861200,207,207,207,207,319439,319439
2016-08-22T11:48:02.869012,208,208,208,208,319440,319440
2016-08-22T11:48:02.876825,209,209,209,209,319441,319441
2016-08-22T11:48:02.884638,210,210,210,210,319442,319442
2016-08-22T11:48:02.892450,211,211,211,211,319443,319443
2016-08-22T11:48:02.900262,212,212,212,212,319444,319444
2016-08-22T11:48:02.908075,213,213,213,213,319445,319445
2016-08-22T11:48:02.915888,214,214,214,214,319446,319446
2016-08-22T11:48:02.923700,215,215,215,215,319447,319447
2016-08-22T11:48:02.931512,216,216,216,216,319448,319448
2016-08-22T11:48:02.939325,217,217,217,217,319449,319449
2016-08-22T11:48:02.947138,218,218,218,218,319450,319450
2016-08-22T11:48:02.954950,219,219,219,219,319451,319451
2016-08-22T11:48:02.962762,220,220,220,220,319452,319452
2016-08-22T11:48:02.970575,221,221,221,221,319453,319453
2016-08-22T11:48:02.978388,222,222,222,222,319454,319454
2016-08-22T11:48:02.986200,223,223,223,223,319455,319455
2016-08-22T11:48:02.994012,224,224,224,224,319456,319456
2016-08-22T11:48:03.001825,225,225,225,225,319457,319457
2016-08-22T11:48:03.009638,226,226,226,226,319458,319458
2016-08-22T11:48:03.017450,227,227,227,227,319459,319459
2016-08-22T11:48:03.025262,228,228,228,228,319460,319460
2016-08-22T11:48:03.033075,229,229,229,229,319461,319461
2016-08-22T11:48:03.040888,230,230,230,230,319462,319462
2016-08-22T11:48:03.048700,231,231,231,231,319463,319463
2016-08-22T11:48:03.056512,232,232,232,232,319464,319464
2016-08-22T11:48:03.064325,233,233,233,233,319465,319465
2016-08-22T11:48:03.072138,234,234,234,234,319466,319466
2016-08-22T11:48:03.079950,235,235,235,235,319467,319467
2016-08-22T11:48:03.087762,236,236,236,236,319468,319468
2016-08-22T11:48:03.095575,237,237,237,237,319469,319469
2016-08-22T11:48:03.103388,238,238,238,238,319470,319470
2016-08-22T11:48:03.111200,239,239,239,239,319471,319471
2016-08-22T11:48:03.119012,240,240,240,240,319472,319472
2016-08-22T11:48:03.126825,241,241,241,241,319473,319473
2016-08-22T11:48:03.134638,242,242,242,242,319474,319474
2016-08-22T11:48:03.142450,243,243,243,243,319475,319475
2016-08-22T11:48:03.150262,244,244,244,244,319476,319476
2016-08-22T11:48:03.158075,245,245,245,245,319477,319477
2016-08-22T11:48:03.165888,246,246,246,246,319478,319478
2016-08-22T11:48:03.173700,247,247,247,247,319479,319479
2016-08-22T11:48:03.181512,248,248,248,248,319480,319480
2016-08-22T11:48:03.189325,249,249,249,249,319481,319481
2016-08-22T11:48:03.197138,250,250,250,250,319482,319482
2016-08-22T11:48:03.204950,251,251,251,251,319483,319483
2016-08-22T11:48:03.212762,252,252,252,252,319484,319484
2016-08-22T11:48:03.220575,253,253,253,253,319485,319485
2016-08-22T11:48:03.228388,254,254,254,254,319486,319486
2016-08-22T11:48:03.236200,255,255,255,255,319487,319487
2016-08-22T11:48:03.244012,0,0,0,0,319488,319488
2016-08-22T11:48:03.251825,1,1,1,1,319489,319489
2016-08-22T11:48:03.259638,2,2,2,2,319490,319490
2016-08-22T11:48:03.267450,3,3,3,3,319491,319491
2016-08-22T11:48:03.275262,4,4,4,4,319492,319492
2016-08-22T11:48:03.283075,5,5,5,5,319493,319493
2016-08-22T11:48:03.290888,6,6,6,6,319494,319494
2016-08-22T11:48:03.298700,7,7,7,7,319495,319495
2016-08-22T11:48:03.306512,8,8,8,8,319496,319496
2016-08-22T11:48:03.314325,9,9,9,9,319497,319497
2016-08-22T11:48:03.322138,10,10,10,10,319498,319498
2016-08-22T11:48:03.329950,11,11,11,11,319499,319499
2016-08-22T11:48:03.337762,12,12,12,12,319500,319500
2016-08-22T11:48:03.345575,13,13,13,13,319501,319501
2016-08-22T11:48:03.353388,14,14,14,14,319502,319502
2016-08-22T11:48:03.361200,15,15,15,15,319503,319503
2016-08-22T11:48:03.369012,16,16,16,16,319504,319504
2016-08-22T11:48:03.376825,17,17,17,17,319505,319505
2016-08-22T11:48:03.384638,18,18,18,18,319506,319506
2016-08-22T11:48:03.392450,19,19,19,19,319507,319507
2016-08-22T11:48:03.400262,20,20,20,20,319508,319508
2016-08-22T11:48:03.408075,21,21,21,21,319509,319509
2016-08-22T11:48:03.415888,22,22,22,22,319510,319510
2016-08-22T11:48:03.423700,23,23,23,23,319511,319511
2016-08-22T11:48:03.431512,24,24,24,24,319512,319512
2016-08-22T11:48:03.439325,25,25,25,25,319513,319513
2016-08-22T11:48:03.447138,26,26,26,26,319514,319514
2016-08-22T11:48:03.454950,27,27,27,27,319515,319515
2016-08-22T11:48:03.462762,28,28,28,28,319516,319516
2016-08-22T11:48:03.470575,29,29,29,29,319517,319517
2016-08-22T11:48:03.478388,30,30,30,30,319518,319518
2016-08-22T11:48:03.486200,31,31,31,31,319519,319519
2016-08-22T11:48:03.494012,32,32,32,32,319520,319520
2016-08-22T11:48:03.501825,33,33,33,33,319521,319521
2016-08-22T11:48:03.509638,34,34,34,34,319522,319522
2016-08-22T11:48:03.517450,35,35,35,35,319523,319523
2016-08-22T11:48:03.525262,36,36,36,36,319524,319524
2016-08-22T11:48:03.533075,37,37,37,37,319525,319525
2016-08-22T11:48:03.540888,38,38,38,38,319526,319526
2016-08-22T11:48:03.548700,39,39,39,39,319527,319527
2016-08-22T11:48:03.556512,40,40,40,40,319528,319528
2016-08-22T11:48:03.564325,41,41,41,41,319529,319529
2016-08-22T11:48:03.572138,42,42,42,42,319530,319530
2016-08-22T11:48:03.579950,43,43,43,43,319531,319531
2016-08-22T11:48:03.587762,44,44,44,44,319532,319532
2016-08-22T11:48:03.595575,45,45,45,45,319533,319533
2016-08-22T11:48:03.603388,46,46,46,46,319534,319534
2016-08-22T11:48:03.611200,47,47,47,47,319535,319535
2016-08-22T11:48:03.619012,48,48,48,48,319536,319536
2016-08-22T11:48:03.626825,49,49,49,49,319537,319537
2016-08-22T11:48:03.634638,50,50,50,50,319538,319538
2016-08-22T11:48:03.642450,51,51,51,51,319539,319539
2016-08-22T11:48:03.650262,52,52,52,52,319540,319540
2016-08-22T11:48:03.658075,53,53,53,53,319541,319541
2016-08-22T11:48:03.665888,54,54,54,54,319542,319542
2016-08-22T11:48:03.673700,55,55,55,55,319543,319543
2016-08-22T11:48:03.681512,56,56,56,56,319544,319544
2016-08-22T11:48:03.689325,57,57,57,57,319545,319545
2016-08-22T11:48:03.697138,58,58,58,58,319546,319546
2016-08-22T11:48:03.704950,59,59,59,59,319547,319547
2016-08-22T11:48:03.712762,60,60,60,60,319548,319548
2016-08-22T11:48:03.720575,61,61,61,61,319549,319549
2016-08-22T11:48:03.728388,62,62,62,62,319550,319550
2016-08-22T11:48:03.736200,63,63,63,63,319551,319551
2016-08-22T11:48:03.744012,64,64,64,64,319552,319552
2016-08-22T11:48:03.751825,65,65,65,65,319553,319553
2016-08-22T11:48:03.759638,66,66,66,66,319554,319554
2016-08-22T11:48:03.767450,67,67,67,67,319555,319555
2016-08-22T11:48:03.775262,68,68,68,68,319556,319556
2016-08-22T11:48:03.783075,69,69,69,69,319557,319557
2016-08-22T11:48:03.790888,70,70,70,70,319558,319558
2016-08-22T11:48:03.798700,71,71,71,71,319559,319559
2016-08-22T11:48:03.806512,72,72,72,72,319560,319560
2016-08-22T11:48:03.814325,73,73,73,73,319561,319561
2016-08-22T11:48:03.822138,74,74,74,74,319562,319562
2016-08-22T11:48:03.829950,75,75,75,75,319563,319563
2016-08-22T11:48:03.837762,76,76,76,76,319564,319564
2016-08-22T11:48:03.845575,77,77,77,77,319565,319565
2016-08-22T11:48:03.853388,78,78,78,78,319566,319566
2016-08-22T11:48:03.861200,79,79,79,79,319567,319567
2016-08-22T11:48:03.869012,80,80,80,80,319568,319568
2016-08-22T11:48:03.876825,81,81,81,81,319569,319569
2016-08-22T11:48:03.884638,82,82,82,82,319570,319570
2016-08-22T11:48:03.892450,83,83,83,83,319571,319571
2016-08-22T11:48:03.900262,84,84,84,84,319572,319572
2016-08-22T11:48:03.908075,85,85,85,85,319573,319573
2016-08-22T11:48:03.915888,86,86,86,86,319574,319574
2016-08-22T11:48:03.923700,87,87,87,87,319575,319575
2016-08-22T11:48:03.931512,88,88,88,88,319576,319576
2016-08-22T11:48:03.939325,89,89,89,89,319577,319577
2016-08-22T11:48:03.947138,90,90,90,90,319578,319578
2016-08-22T11:48:03.954950,91,91,91,91,319579,319579
2016-08-22T11:48:03.962762,92,92,92,92,319580,319580
2016-08-22T11:48:03.970575,93,93,93,93,319581,319581
2016-08-22T11:48:03.978388,94,94,94,94,319582,319582
2016-08-22T11:48:03.986200,95,95,95,95,319583,319583
2016-08-22T11:48:03.994012,96,96,96,96,319584,319584
2016-08-22T11:48:04.001825,97,97,97,97,319585,319585
2016-08-22T11:48:04.009638,98,98,98,98,319586,319586
2016-08-22T11:48:04.017450,99,99,99,99,319587,319587
2016-08-22T11:48:04.025262,100,100,100,100,319588,319588
2016-08-22T11:48:04.033075,101,101,101,101,319589,319589
2016-08-22T11:48:04.040888,102,102,102,102,319590,319590
2016-08-22T11:48:04.048700,103,103,103,103,319591,319591
2016-08-22T11:48:04.056512,104,104,104,104,319592,319592
2016-08-22T11:48:04.064325,105,105,105,105,319593,319593
2016-08-22T11:48:04.072138,106,106,106,106,319594,319594
2016-08-22T11:48:04.079950,107,107,107,107,319595,319595
2016-08-22T11:48:04.087762,108,108,108,108,319596,319596
2016-08-22T11:48:04.095575,109,109,109,109,319597,319597
2016-08-22T11:48:04.103388,110,110,110,110,319598,319598
2016-08-22T11:48:04.111200,111,111,111,111,319599,319599
2016-08-22T11:48:04.119012,112,112,112,112,319600,319600
2016-08-22T11:48:04.126825,113,113,113,113,319601,319601
2016-08-22T11:48:04.134638,114,114,114,114,319602,319602
2016-08-22T11:48:04.142450,115,115,115,115,319603,319603
2016-08-22T11:48:04.150262,116,116,116,116,319604,319604
2016-08-22T11:48:04.158075,117,117,117,117,319605,319605
2016-08-22T11:48:04.165888,118,118,118,118,319606,319606
2016-08-22T11:48:04.173700,119,119,119,119,319607,319607
2016-08-22T11:48:04.181512,120,120,120,120,319608,319608
2016-08-22T11:48:04.189325,121,121,121,121,319609,319609
2016-08-22T11:48:04.197138,122,122,122,122,319610,319610
2016-08-22T11:48:04.204950,123,123,123,123,319611,319611
2016-08-22T11:48:04.212762,124,124,124,124,319612,319612
2016-08-22T11:48:04.220575,125,125,125,125,319613,319613
2016-08-22T11:48:04.228388,126,126,126,126,319614,319614
2016-08-22T11:48:04.236200,127,127,127,127,319615,319615
2016-08-22T11:48:04.244012,128,128,128,128,319616,319616
2016-08-22T11:48:04.251825,129,129,129,129,319617,319617
2016-08-22T11:48:04.259638,130,130,130,130,319618,319618
2016-08-22T11:48:04.267450,131,131,131,131,319619,319619
2016-08-22T11:48:04.275262,132,132,132,132,319620,319620
2016-08-22T11:48:04.283075,133,133,133,133,319621,319621
2016-08-22T11:48:04.290888,134,134,134,134,319622,319622
2016-08-22T11:48:04.298700,135,135,135,135,319623,319623
2016-08-22T11:48:04.306512,136,136,136,136,319624,319624
2016-08-22T11:48:04.314325,137,137,137,137,319625,319625
2016-08-22T11:48:04.322138,138,138,138,138,319626,319626
2016-08-22T11:48:04.329950,139,139,139,139,319627,319627
2016-08-22T11:48:04.337762,140,140,140,140,319628,319628
2016-08-22T11:48:04.345575,141,141,141,141,319629,319629
2016-08-22T11:48:04.353388,142,142,142,142,319630,319630
2016-08-22T11:48:04.361200,143,143,143,143,319631,319631
2016-08-22T11:48:04.369012,144,144,144,144,319632,319632
2016-08-22T11:48:04.376825,145,145,145,145,319633,319633
2016-08-22T11:48:04.384638,146,146,146,146,319634,319634
2016-08-22T11:48:04.392450,147,147,147,147,319635,319635
2016-08-22T11:48:04.400262,148,148,148,148,319636,319636
2016-08-22T11:48:04.408075,149,149,149,149,319637,319637
2016-08-22T11:48:04.415888,150,150,150,150,319638,319638
2016-08-22T11:48:04.423700,151,151,151,151,319639,319639
2016-08-22T11:48:04.431512,152,152,152,152,319640,319640
2016-08-22T11:48:04.439325,153,153,153,153,319641,319641
2016-08-22T11:48:04.447138,154,154,154,154,319642,319642
2016-08-22T11:48:04.454950,155,155,155,155,319643,319643
2016-08-22T11:48:04.462762,156,156,156,156,319644,319644
2016-08-22T11:48:04.470575,157,157,157,157,319645,319645
2016-08-22T11:48:04.478388,158,158,158,158,319646,319646
2016-08-22T11:48:04.486200,159,159,159,159,319647,319647
2016-08-22T11:48:04.494012,160,160,160,160,319648,319648
2016-08-22T11:48:04.501825,161,161,161,161,319649,319649
2016-08-22T11:48:04.509638,162,162,162,162,319650,319650
2016-08-22T11:48:04.517450,163,163,163,163,319651,319651
2016-08-22T11:48:04.525262,164,164,164,164,319652,319652
2016-08-22T11:48:04.533075,165,165,165,165,319653,319653
2016-08-22T11:48:04.540888,166,166,166,166,319654,319654
2016-08-22T11:48:04.548700,167,167,167,167,319655,319655
2016-08-22T11:48:04.556512,168,168,168,168,319656,319656
2016-08-22T11:48:04.564325,169,169,169,169,319657,319657
2016-08-22T11:48:04.572138,170,170,170,170,319658,319658
2016-08-22T11:48:04.579950,171,171,171,171,319659,319659
2016-08-22T11:48:04.587762,172,172,172,172,319660,319660
2016-08-22T11:48:04.595575,173,173,173,173,319661,319661
2016-08-22T11:48:04.603388,174,174,174,174,319662,319662
2016-08-22T11:48:04.611200,175,175,175,175,319663,319663
2016-08-22T11:48:04.619012,176,176,176,176,319664,319664
2016-08-22T11:48:04.626825,177,177,177,177,319665,319665
2016-08-22T11:48:04.634638,178,178,178,178,319666,319666
2016-08-22T11:48:04.642450,179,179,179,179,319667,319667
2016-08-22T11:48:04.650262,180,180,180,180,319668,319668
2016-08-22T11:48:04.658075,181,181,181,181,319669,319669
2016-08-22T11:48:04.665888,182,182,182,182,319670,319670
2016-08-22T11:48:04.673700,183,183,183,183,319671,319671
2016-08-22T11:48:04.681512,184,184,184,184,319672,319672
2016-08-22T11:48:04.689325,185,185,185,185,319673,319673
2016-08-22T11:48:04.697138,186,186,186,186,319674,319674
2016-08-22T11:48:04.704950,187,187,187,187,319675,319675
2016-08-22T11:48:04.712762,188,188,188,188,319676,319676
2016-08-22T11:48:04.720575,189,189,189,189,319677,319677
2016-08-22T11:48:04.728388,190,190,190,190,319678,319678
2016-08-22T11:48:04.736200,191,191,191,191,319679,319679
2016-08-22T11:48:04.744012,192,192,192,192,319680,319680
2016-08-22T11:48:04.751825,193,193,193,193,319681,319681
2016-08-22T11:48:04.759638,194,194,194,194,319682,319682
2016-08-22T11:48:04.767450,195,195,195,195,319683,319683
2016-08-22T11:48:04.775262,196,196,196,196,319684,319684
2016-08-22T11:48:04.783075,197,197,197,197,319685,319685
2016-08-22T11:48:04.790888,198,198,198,198,319686,319686
2016-08-22T11:48:04.798700,199,199,199,199,319687,319687
2016-08-22T11:48:04.806512,200,200,200,200,319688,319688
2016-08-22T11:48:04.814325,201,201,201,201,319689,319689
2016-08-22T11:48:04.822138,202,202,202,202,319690,319690
2016-08-22T11:48:04.829950,203,203,203,203,319691,319691
2016-08-22T11:48:04.837762,204,204,204,204,319692,319692
2016-08-22T11:48:04.845575,205,205,205,205,319693,319693
2016-08-22T11:48:04.853388,206,206,206,206,319694,319694
2016-08-22T11:48:04.861200,207,207,207,207,319695,319695
2016-08-22T11:48:04.869012,208,208,208,208,319696,319696
2016-08-22T11:48:04.876825,209,209,209,209,319697,319697
2016-08-22T11:48:04.884638,210,210,210,210,319698,319698
2016-08-22T11:48:04.892450,211,211,211,211,319699,319699
2016-08-22T11:48:04.900262,212,212,212,212,319700,319700
2016-08-22T11:48:04.908075,213,213,213,213,319701,319701
2016-08-22T11:48:04.915888,214,214,214,214,319702,319702
2016-08-22T11:48:04.923700,215,215,215,215,319703,319703
2016-08-22T11:48:04.931512,216,216,216,216,319704,319704
2016-08-22T11:48:04.939325,217,217,217,217,319705,319705
2016-08-22T11:48:04.947138,218,218,218,218,319706,319706
2016-08-22T11:48:04.954950,219,219,219,219,319707,319707
2016-08-22T11:48:04.962762,220,220,220,220,319708,319708
2016-08-22T11:48:04.970575,221,221,221,221,319709,319709
2016-08-22T11:48:04.978388,222,222,222,222,319710,319710
2016-08-22T11:48:04.986200,223,223,223,223,319711,319711
2016-08-22T11:48:04.994012,224,224,224,224,319712,319712
2016-08-22T11:48:05.001825,225,225,225,225,319713,319713
2016-08-22T11:48:05.009638,226,226,226,226,319714,319714
2016-08-22T11:48:05.017450,227,227,227,227,319715,319715
2016-08-22T11:48:05.025262,228,228,228,228,319716,319716
2016-08-22T11:48:05.033075,229,229,229,229,319717,319717
2016-08-22T11:48:05.040888,230,230,230,230,319718,319718
2016-08-22T11:48:05.048700,231,231,231,231,319719,319719
2016-08-22T11:48:05.056512,232,232,232,232,319720,319720
2016-08-22T11:48:05.064325,233,233,233,233,319721,319721
2016-08-22T11:48:05.072138,234,234,234,234,319722,319722
2016-08-22T11:48:05.079950,235,235,235,235,319723,319723
2016-08-22T11:48:05.087762,236,236,236,236,319724,319724
2016-08-22T11:48:05.095575,237,237,237,237,319725,319725
2016-08-22T11:48:05.103388,238,238,238,238,319726,319726
2016-08-22T11:48:05.111200,239,239,239,239,319727,319727
2016-08-22T11:48:05.119012,240,240,240,240,319728,319728
2016-08-22T11:48:05.126825,241,241,241,241,319729,319729
2016-08-22T11:48:05.134638,242,242,242,242,319730,319730
2016-08-22T11:48:05.142450,243,243,243,243,319731,319731
2016-08-22T11:48:05.150262,244,244,244,244,319732,319732
2016-08-22T11:48:05.158075,245,245,245,245,319733,319733
2016-08-22T11:48:05.165888,246,246,246,246,319734,319734
2016-08-22T11:48:05.173700,247,247,247,247,319735,319735
2016-08-22T11:48:05.181512,248,248,248,248,319736,319736
2016-08-22T11:48:05.189325,249,249,249,249,319737,319737
2016-08-22T11:48:05.197138,250,250,250,250,319738,319738
2016-08-22T11:48:05.204950,251,251,251,251,319739,319739
2016-08-22T11:48:05.212762,252,252,252,252,319740,319740
2016-08-22T11:48:05.220575,253,253,253,253,319741,319741
2016-08-22T11:48:05.228388,254,254,254,254,319742,319742
2016-08-22T11:48:05.236200,255,255,255,255,319743,319743
2016-08-22T11:48:05.244012,0,0,0,0,319744,319744
2016-08-22T11:48:05.251825,1,1,1,1,319745,319745
2016-08-22T11:48:05.259638,2,2,2,2,319746,319746
2016-08-22T11:48:05.267450,3,3,3,3,319747,319747
2016-08-22T11:48:05.275262,4,4,4,4,319748,319748
2016-08-22T11:48:05.283075,5,5,5,5,319749,319749
2016-08-22T11:48:05.290888,6,6,6,6,319750,319750
2016-08-22T11:48:05.298700,7,7,7,7,319751,319751
2016-08-22T11:48:05.306512,8,8,8,8,319752,319752
2016-08-22T11:48:05.314325,9,9,9,9,319753,319753
2016-08-22T11:48:05.322138,10,10,10,10,319754,319754
2016-08-22T11:48:05.329950,11,11,11,11,319755,319755
2016-08-22T11:48:05.337762,12,12,12,12,319756,319756
2016-08-22T11:48:05.345575,13,13,13,13,319757,319757
2016-08-22T11:48:05.353388,14,14,14,14,319758,319758
2016-08-22T11:48:05.361200,15,15,15,15,319759,319759
2016-08-22T11:48:05.369012,16,16,16,16,319760,319760
2016-08-22T11:48:05.376825,17,17,17,17,319761,319761
2016-08-22T11:48:05.384638,18,18,18,18,319762,319762
2016-08-22T11:48:05.392450,19,19,19,19,319763,319763
2016-08-22T11:48:05.400262,20,20,20,20,319764,319764
2016-08-22T11:48:05.408075,21,21,21,21,319765,319765
2016-08-22T11:48:05.415888,22,22,22,22,319766,319766
2016-08-22T11:48:05.423700,23,23,23,23,319767,319767
2016-08-22T11:48:05.431512,24,24,24,24,319768,319768
2016-08-22T11:48:05.439325,25,25,25,25,319769,319769
2016-08-22T11:48:05.447138,26,26,26,26,319770,319770
2016-08-22T11:48:05.454950,27,27,27,27,319771,319771
2016-08-22T11:48:05.462762,28,28,28,28,319772,319772
2016-08-22T11:48:05.470575,29,29,29,29,319773,319773
2016-08-22T11:48:05.478388,30,30,30,30,319774,319774
2016-08-22T11:48:05.486200,31,31,31,31,319775,319775
2016-08-22T11:48:05.494012,32,32,32,32,319776,319776
2016-08-22T11:48:05.501825,33,33,33,33,319777,319777
2016-08-22T11:48:05.509638,34,34,34,34,319778,319778
2016-08-22T11:48:05.517450,35,35,35,35,319779,319779
2016-08-22T11:48:05.525262,36,36,36,36,319780,319780
2016-08-22T11:48:05.533075,37,37,37,37,319781,319781
2016-08-22T11:48:05.540888,38,38,38,38,319782,319782
2016-08-22T11:48:05.548700,39,39,39,39,319783,319783
2016-08-22T11:48:05.556512,40,40,40,40,319784,319784
2016-08-22T11:48:05.564325,41,41,41,41,319785,319785
2016-08-22T11:48:05.572138,42,42,42,42,319786,319786
2016-08-22T11:48:05.579950,43,43,43,43,319787,319787
2016-08-22T11:48:05.587762,44,44,44,44,319788,319788
2016-08-22T11:48:05.595575,45,45,45,45,319789,319789
2016-08-22T11:48:05.603388,46,46,46,46,319790,319790
2016-08-22T11:48:05.611200,47,47,47,47,319791,319791
2016-08-22T11:48:05.619012,48,48,48,48,319792,319792
2016-08-22T11:48:05.626825,49,49,49,49,319793,319793
2016-08-22T11:48:05.634638,50,50,50,50,319794,319794
2016-08-22T11:48:05.642450,51,51,51,51,319795,319795
2016-08-22T11:48:05.650262,52,52,52,52,319796,319796
2016-08-22T11:48:05.658075,53,53,53,53,319797,319797
2016-08-22T11:48:05.665888,54,54,54,54,319798,319798
2016-08-22T11:48:05.673700,55,55,55,55,319799,319799
2016-08-22T11:48:05.681512,56,56,56,56,319800,319800
2016-08-22T11:48:05.689325,57,57,57,57,319801,319801
2016-08-22T11:48:05.697138,58,58,58,58,319802,319802
2016-08-22T11:48:05.704950,59,59,59,59,319803,319803
2016-08-22T11:48:05.712762,60,60,60,60,319804,319804
2016-08-22T11:48:05.720575,61,61,61,61,319805,319805
2016-08-22T11:48:05.728388,62,62,62,62,319806,319806
2016-08-22T11:48:05.736200,63,63,63,63,319807,319807
2016-08-22T11:48:05.744012,64,64,64,64,319808,319808
2016-08-22T11:48:05.751825,65,65,65,65,319809,319809
2016-08-22T11:48:05.759638,66,66,66,66,319810,319810
2016-08-22T11:48:05.767450,67,67,67,67,319811,319811
2016-08-22T11:48:05.775262,68,68,68,68,319812,319812
2016-08-22T11:48:05.783075,69,69,69,69,319813,319813
2016-08-22T11:48:05.790888,70,70,70,70,319814,319814
2016-08-22T11:48:05.798700,71,71,71,71,319815,319815
2016-08-22T11:48:05.806512,72,72,72,72,319816,319816
2016-08-22T11:48:05.814325,73,73,73,73,319817,319817
2016-08-22T11:48:05.822138,74,74,74,74,319818,319818
2016-08-22T11:48:05.829950,75,75,75,75,319819,319819
2016-08-22T11:48:05.837762,76,76,76,76,319820,319820
2016-08-22T11:48:05.845575,77,77,77,77,319821,319821
2016-08-22T11:48:05.853388,78,78,78,78,319822,319822
2016-08-22T11:48:05.861200,79,79,79,79,319823,319823
2016-08-22T11:48:05.869012,80,80,80,80,319824,319824
2016-08-22T11:48:05.876825,81,81,81,81,319825,319825
2016-08-22T11:48:05.884638,82,82,82,82,319826,319826
2016-08-22T11:48:05.892450,83,83,83,83,319827,319827
2016-08-22T11:48:05.900262,84,84,84,84,319828,319828
2016-08-22T11:48:05.908075,85,85,85,85,319829,319829
2016-08-22T11:48:05.915888,86,86,86,86,319830,319830
2016-08-22T11:48:05.923700,87,87,87,87,319831,319831
2016-08-22T11:48:05.931512,88,88,88,88,319832,319832
2016-08-22T11:48:05.939325,89,89,89,89,319833,319833
2016-08-22T11:48:05.947138,90,90,90,90,319834,319834
2016-08-22T11:48:05.954950,91,91,91,91,319835,319835
2016-08-22T11:48:05.962762,92,92,92,92,319836,319836
2016-08-22T11:48:05.970575,93,93,93,93,319837,319837
2016-08-22T11:48:05.978388,94,94,94,94,319838,319838
2016-08-22T11:48:05.986200,95,95,95,95,319839,319839
2016-08-22T11:48:05.994012,96,96,96,96,319840,319840
2016-08-22T11:48:06.001825,97,97,97,97,319841,319841
2016-08-22T11:48:06.009638,98,98,98,98,319842,319842
2016-08-22T11:48:06.017450,99,99,99,99,319843,319843
2016-08-22T11:48:06.025262,100,100,100,100,319844,319844
2016-08-22T11:48:06.033075,101,101,101,101,319845,319845
2016-08-22T11:48:06.040888,102,102,102,102,319846,319846
2016-08-22T11:48:06.048700,103,103,103,103,319847,319847
2016-08-22T11:48:06.056512,104,104,104,104,319848,319848
