time,status,n_fib,n_fob,n_fsc,x,y,z
20160802 16:11:06.339991,0,1,0,1,0,0,0
20160802 16:11:06.347804,0,1,0,1,2302755,65571,6693734
20160802 16:11:06.355617,0,1,0,1,2368548,65572,6693990
20160802 16:11:06.363429,0,1,0,1,2434341,65573,6694246
20160802 16:11:06.371241,0,1,0,1,2500134,65574,6694502
20160802 16:11:06.379054,0,1,0,1,2565927,65575,6694758
20160802 16:11:06.386867,0,1,0,1,2631720,65576,6695014
20160802 16:11:06.394679,0,1,0,1,2697513,65577,6695270
20160802 16:11:06.402491,0,1,0,1,2763306,65578,6695526
20160802 16:11:06.410304,0,1,0,1,2829099,65579,6695782
20160802 16:11:06.418117,0,1,0,1,2894892,65580,6696038
20160802 16:11:06.425929,0,1,0,1,2960685,65581,6696294
20160802 16:11:06.433741,0,1,0,1,3026478,65582,6696550
20160802 16:11:06.441554,0,1,0,1,3092271,65583,6696806
20160802 16:11:06.449367,0,1,0,1,3158064,65584,6697062
20160802 16:11:06.457179,0,1,0,1,3223857,65585,6697318
20160802 16:11:06.464991,0,1,0,1,3289650,65586,6697574
20160802 16:11:06.472804,0,1,0,1,3355443,65587,6697830
20160802 16:11:06.480617,0,1,0,1,3421236,65588,6698086
20160802 16:11:06.488429,0,1,0,1,3487029,65589,6698342
20160802 16:11:06.496241,0,1,0,1,3552822,65590,6698598
20160802 16:11:06.504054,0,1,0,1,3618615,65591,6698854
20160802 16:11:06.511867,0,1,0,1,3684408,65592,6699110
20160802 16:11:06.519679,0,1,0,1,3750201,65593,6699366
20160802 16:11:06.527491,0,1,0,1,3815994,65594,6699622
20160802 16:11:06.535304,0,1,0,1,3881787,65595,6699878
20160802 16:11:06.543117,0,1,0,1,3947580,65596,6700134
20160802 16:11:06.550929,0,1,0,1,4013373,65597,6700390
20160802 16:11:06.558741,0,1,0,1,4079166,65598,6700646
20160802 16:11:06.566554,0,1,0,1,4144959,65599,6700902
20160802 16:11:06.574367,0,1,0,1,4210752,65600,6701158
20160802 16:11:06.582179,0,1,0,1,4276545,65601,6701414
20160802 16:11:06.589991,0,1,0,1,4342338,65602,6701670
20160802 16:11:06.597804,0,1,0,1,4408131,65603,6701926
20160802 16:11:06.605617,0,1,0,1,4473924,65604,6702182
20160802 16:11:06.613429,0,1,0,1,4539717,65605,6702438
20160802 16:11:06.621241,0,1,0,1,4605510,65606,6702694
20160802 16:11:06.629054,0,1,0,1,4671303,65607,6702950
20160802 16:11:06.636867,0,1,0,1,4737096,65608,6703206
20160802 16:11:06.644679,0,1,0,1,4802889,65609,6703462
20160802 16:11:06.652491,0,1,0,1,4868682,65610,6703718
20160802 16:11:06.660304,0,1,0,1,4934475,65611,6703974
20160802 16:11:06.668117,0,1,0,1,5000268,65612,6704230
20160802 16:11:06.675929,0,1,0,1,5066061,65613,6704486
20160802 16:11:06.683741,0,1,0,1,5131854,65614,6704742
20160802 16:11:06.691554,0,1,0,1,5197647,65615,6704998
20160802 16:11:06.699367,0,1,0,1,5263440,65616,6705254
20160802 16:11:06.707179,0,1,0,1,5329233,65617,6705510
20160802 16:11:06.714991,0,1,0,1,5395026,65618,6705766
20160802 16:11:06.722804,0,1,0,1,5460819,65619,6706022
20160802 16:11:06.730617,0,1,0,1,5526612,65620,6706278
20160802 16:11:06.738429,0,1,0,1,5592405,65621,6706534
20160802 16:11:06.746241,0,1,0,1,5658198,65622,6706790
20160802 16:11:06.754054,0,1,0,1,5723991,65623,6707046
20160802 16:11:06.761867,0,1,0,1,5789784,65624,6707302
20160802 16:11:06.769679,0,1,0,1,5855577,65625,6707558
20160802 16:11:06.777491,0,1,0,1,5921370,65626,6707814
20160802 16:11:06.785304,0,1,0,1,5987163,65627,6708070
20160802 16:11:06.793117,0,1,0,1,6052956,65628,6708326
20160802 16:11:06.800929,0,1,0,1,6118749,65629,6708582
20160802 16:11:06.808741,0,1,0,1,6184542,65630,6708838
20160802 16:11:06.816554,0,1,0,1,6250335,65631,6709094
20160802 16:11:06.824367,0,1,0,1,6316128,65632,6709350
20160802 16:11:06.832179,0,1,0,1,6381921,65633,6709606
20160802 16:11:06.839991,0,1,0,1,6447714,65634,6709862
20160802 16:11:06.847804,0,1,0,1,6513507,65635,6710118
20160802 16:11:06.855617,0,1,0,1,6579300,65636,6710374
20160802 16:11:06.863429,0,1,0,1,6645093,65637,6710630
20160802 16:11:06.871241,0,1,0,1,6710886,65638,6710886
20160802 16:11:06.879054,0,1,0,1,6776679,65639,6711142
20160802 16:11:06.886867,0,1,0,1,6842472,65640,6711398
20160802 16:11:06.894679,0,1,0,1,6908265,65641,6711654
20160802 16:11:06.902491,0,1,0,1,6974058,65642,6711910
20160802 16:11:06.910304,0,1,0,1,7039851,65643,6712166
20160802 16:11:06.918117,0,1,0,1,7105644,65644,6712422
20160802 16:11:06.925929,0,1,0,1,7171437,65645,6712678
20160802 16:11:06.933741,0,1,0,1,7237230,65646,6712934
20160802 16:11:06.941554,0,1,0,1,7303023,65647,6713190
20160802 16:11:06.949367,0,1,0,1,7368816,65648,6713446
20160802 16:11:06.957179,0,1,0,1,7434609,65649,6713702
20160802 16:11:06.964991,0,1,0,1,7500402,65650,6713958
20160802 16:11:06.972804,0,1,0,1,7566195,65651,6714214
20160802 16:11:06.980617,0,1,0,1,7631988,65652,6714470
20160802 16:11:06.988429,0,1,0,1,7697781,65653,6714726
20160802 16:11:06.996241,0,1,0,1,7763574,65654,6714982
20160802 16:11:07.004054,0,1,0,1,7829367,65655,6715238
20160802 16:11:07.011867,0,1,0,1,7895160,65656,6715494
20160802 16:11:07.019679,0,1,0,1,7960953,65657,6715750
20160802 16:11:07.027491,0,1,0,1,8026746,65658,6716006
20160802 16:11:07.035304,0,1,0,1,8092539,65659,6716262
20160802 16:11:07.043117,0,1,0,1,8158332,65660,6716518
20160802 16:11:07.050929,0,1,0,1,8224125,65661,6716774
20160802 16:11:07.058741,0,1,0,1,8289918,65662,6717030
20160802 16:11:07.066554,0,1,0,1,8355711,65663,6717286
20160802 16:11:07.074367,0,1,0,1,8421504,65664,6717542
20160802 16:11:07.082179,0,1,0,1,8487297,65665,6717798
20160802 16:11:07.089991,0,1,0,1,8553090,65666,6718054
20160802 16:11:07.097804,0,1,0,1,8618883,65667,6718310
20160802 16:11:07.105617,0,1,0,1,8684676,65668,6718566
20160802 16:11:07.113429,0,1,0,1,8750469,65669,6718822
20160802 16:11:07.121241,0,1,0,1,8816262,65670,6719078
20160802 16:11:07.129054,0,1,0,1,8882055,65671,6719334
20160802 16:11:07.136867,0,1,0,1,8947848,65672,6719590
20160802 16:11:07.144679,0,1,0,1,9013641,65673,6719846
20160802 16:11:07.152491,0,1,0,1,9079434,65674,6720102
20160802 16:11:07.160304,0,1,0,1,9145227,65675,6720358
20160802 16:11:07.168117,0,1,0,1,9211020,65676,6720614
20160802 16:11:07.175929,0,1,0,1,9276813,65677,6720870
20160802 16:11:07.183741,0,1,0,1,9342606,65678,6721126
20160802 16:11:07.191554,0,1,0,1,9408399,65679,6721382
20160802 16:11:07.199367,0,1,0,1,9474192,65680,6721638
20160802 16:11:07.207179,0,1,0,1,9539985,65681,6721894
20160802 16:11:07.214991,0,1,0,1,9605778,65682,6722150
20160802 16:11:07.222804,0,1,0,1,9671571,65683,6722406
20160802 16:11:07.230617,0,1,0,1,9737364,65684,6722662
20160802 16:11:07.238429,0,1,0,1,9803157,65685,6722918
20160802 16:11:07.246241,0,1,0,1,9868950,65686,6723174
20160802 16:11:07.254054,0,1,0,1,9934743,65687,6723430
20160802 16:11:07.261867,0,1,0,1,10000536,65688,6723686
20160802 16:11:07.269679,0,1,0,1,10066329,65689,6723942
20160802 16:11:07.277491,0,1,0,1,10132122,65690,6724198
20160802 16:11:07.285304,0,1,0,1,10197915,65691,6724454
20160802 16:11:07.293117,0,1,0,1,10263708,65692,6724710
20160802 16:11:07.300929,0,1,0,1,10329501,65693,6724966
20160802 16:11:07.308741,0,1,0,1,10395294,65694,6725222
20160802 16:11:07.316554,0,1,0,1,10461087,65695,6725478
20160802 16:11:07.324367,0,1,0,1,10526880,65696,6725734
20160802 16:11:07.332179,0,1,0,1,10592673,65697,6725990
20160802 16:11:07.339991,0,1,0,1,10658466,65698,6726246
20160802 16:11:07.347804,0,1,0,1,10724259,65699,6726502
20160802 16:11:07.355617,0,1,0,1,10790052,65700,6726758
20160802 16:11:07.363429,0,1,0,1,10855845,65701,6727014
20160802 16:11:07.371241,0,1,0,1,10921638,65702,6727270
20160802 16:11:07.379054,0,1,0,1,10987431,65703,6727526
20160802 16:11:07.386867,0,1,0,1,11053224,65704,6727782
20160802 16:11:07.394679,0,1,0,1,11119017,65705,6728038
20160802 16:11:07.402491,0,1,0,1,11184810,65706,6728294
20160802 16:11:07.410304,0,1,0,1,11250603,65707,6728550
20160802 16:11:07.418117,0,1,0,1,11316396,65708,6728806
20160802 16:11:07.425929,0,1,0,1,11382189,65709,6729062
20160802 16:11:07.433741,0,1,0,1,11447982,65710,6729318
20160802 16:11:07.441554,0,1,0,1,11513775,65711,6729574
20160802 16:11:07.449367,0,1,0,1,11579568,65712,6729830
20160802 16:11:07.457179,0,1,0,1,11645361,65713,6730086
20160802 16:11:07.464991,0,1,0,1,11711154,65714,6730342
20160802 16:11:07.472804,0,1,0,1,11776947,65715,6730598
20160802 16:11:07.480617,0,1,0,1,11842740,65716,6730854
20160802 16:11:07.488429,0,1,0,1,11908533,65717,6731110
20160802 16:11:07.496241,0,1,0,1,11974326,65718,6731366
20160802 16:11:07.504054,0,1,0,1,12040119,65719,6731622
20160802 16:11:07.511867,0,1,0,1,12105912,65720,6731878
20160802 16:11:07.519679,0,1,0,1,12171705,65721,6732134
20160802 16:11:07.527491,0,1,0,1,12237498,65722,6732390
20160802 16:11:07.535304,0,1,0,1,12303291,65723,6732646
20160802 16:11:07.543117,0,1,0,1,12369084,65724,6732902
20160802 16:11:07.550929,0,1,0,1,12434877,65725,6733158
20160802 16:11:07.558741,0,1,0,1,12500670,65726,6733414
20160802 16:11:07.566554,0,1,0,1,12566463,65727,6733670
20160802 16:11:07.574367,0,1,0,1,12632256,65728,6733926
20160802 16:11:07.582179,0,1,0,1,12698049,65729,6734182
20160802 16:11:07.589991,0,1,0,1,12763842,65730,6734438
20160802 16:11:07.597804,0,1,0,1,12829635,65731,6734694
20160802 16:11:07.605617,0,1,0,1,12895428,65732,6734950
20160802 16:11:07.613429,0,1,0,1,12961221,65733,6735206
20160802 16:11:07.621241,0,1,0,1,13027014,65734,6735462
20160802 16:11:07.629054,0,1,0,1,13092807,65735,6735718
20160802 16:11:07.636867,0,1,0,1,13158600,65736,6735974
20160802 16:11:07.644679,0,1,0,1,13224393,65737,6736230
20160802 16:11:07.652491,0,1,0,1,13290186,65738,6736486
20160802 16:11:07.660304,0,1,0,1,13355979,65739,6736742
20160802 16:11:07.668117,0,1,0,1,13421772,65740,6736998
20160802 16:11:07.675929,0,1,0,1,13487565,65741,6737254
20160802 16:11:07.683741,0,1,0,1,13553358,65742,6737510
20160802 16:11:07.691554,0,1,0,1,13619151,65743,6737766
20160802 16:11:07.699367,0,1,0,1,13684944,65744,6738022
20160802 16:11:07.707179,0,1,0,1,13750737,65745,6738278
20160802 16:11:07.714991,0,1,0,1,13816530,65746,6738534
20160802 16:11:07.722804,0,1,0,1,13882323,65747,6738790
20160802 16:11:07.730617,0,1,0,1,13948116,65748,6739046
20160802 16:11:07.738429,0,1,0,1,14013909,65749,6739302
20160802 16:11:07.746241,0,1,0,1,14079702,65750,6739558
20160802 16:11:07.754054,0,1,0,1,14145495,65751,6739814
20160802 16:11:07.761867,0,1,0,1,14211288,65752,6740070
20160802 16:11:07.769679,0,1,0,1,14277081,65753,6740326
20160802 16:11:07.777491,0,1,0,1,14342874,65754,6740582
20160802 16:11:07.785304,0,1,0,1,14408667,65755,6740838
20160802 16:11:07.793117,0,1,0,1,14474460,65756,6741094
20160802 16:11:07.800929,0,1,0,1,14540253,65757,6741350
20160802 16:11:07.808741,0,1,0,1,14606046,65758,6741606
20160802 16:11:07.816554,0,1,0,1,14671839,65759,6741862
20160802 16:11:07.824367,0,1,0,1,14737632,65760,6742118
20160802 16:11:07.832179,0,1,0,1,14803425,65761,6742374
20160802 16:11:07.839991,0,1,0,1,14869218,65762,6742630
20160802 16:11:07.847804,0,1,0,1,14935011,65763,6742886
20160802 16:11:07.855617,0,1,0,1,15000804,65764,6743142
20160802 16:11:07.863429,0,1,0,1,15066597,65765,6743398
20160802 16:11:07.871241,0,1,0,1,15132390,65766,6743654
20160802 16:11:07.879054,0,1,0,1,15198183,65767,6743910
20160802 16:11:07.886867,0,1,0,1,15263976,65768,6744166
20160802 16:11:07.894679,0,1,0,1,15329769,65769,6744422
20160802 16:11:07.902491,0,1,0,1,15395562,65770,6744678
20160802 16:11:07.910304,0,1,0,1,15461355,65771,6744934
20160802 16:11:07.918117,0,1,0,1,15527148,65772,6745190
20160802 16:11:07.925929,0,1,0,1,15592941,65773,6745446
20160802 16:11:07.933741,0,1,0,1,15658734,65774,6745702
20160802 16:11:07.941554,0,1,0,1,15724527,65775,6745958
20160802 16:11:07.949367,0,1,0,1,15790320,65776,6746214
20160802 16:11:07.957179,0,1,0,1,15856113,65777,6746470
20160802 16:11:07.964991,0,1,0,1,15921906,65778,6746726
20160802 16:11:07.972804,0,1,0,1,15987699,65779,6746982
20160802 16:11:07.980617,0,1,0,1,16053492,65780,6747238
20160802 16:11:07.988429,0,1,0,1,16119285,65781,6747494
20160802 16:11:07.996241,0,1,0,1,16185078,65782,6747750
20160802 16:11:08.004054,0,1,0,1,16250871,65783,6748006
20160802 16:11:08.011867,0,1,0,1,16316664,65784,6748262
20160802 16:11:08.019679,0,1,0,1,16382457,65785,6748518
20160802 16:11:08.027491,0,1,0,1,16448250,65786,6748774
20160802 16:11:08.035304,0,1,0,1,16514043,65787,6749030
20160802 16:11:08.043117,0,1,0,1,16579836,65788,6749286
20160802 16:11:08.050929,0,1,0,1,16645629,65789,6749542
20160802 16:11:08.058741,0,1,0,1,16711422,65790,6749798
20160802 16:11:08.066554,0,1,0,1,16777215,65791,6750054
20160802 16:11:08.074367,0,1,0,1,0,65536,6750311
20160802 16:11:08.082179,0,1,0,1,65793,65537,6750567
20160802 16:11:08.089991,0,1,0,1,131586,65538,6750823
20160802 16:11:08.097804,0,1,0,1,197379,65539,6751079
20160802 16:11:08.105617,0,1,0,1,263172,65540,6751335
20160802 16:11:08.113429,0,1,0,1,328965,65541,6751591
20160802 16:11:08.121241,0,1,0,1,394758,65542,6751847
20160802 16:11:08.129054,0,1,0,1,460551,65543,6752103
20160802 16:11:08.136867,0,1,0,1,526344,65544,6752359
20160802 16:11:08.144679,0,1,0,1,592137,65545,6752615
20160802 16:11:08.152491,0,1,0,1,657930,65546,6752871
20160802 16:11:08.160304,0,1,0,1,723723,65547,6753127
20160802 16:11:08.168117,0,1,0,1,789516,65548,6753383
20160802 16:11:08.175929,0,1,0,1,855309,65549,6753639
20160802 16:11:08.183741,0,1,0,1,921102,65550,6753895
20160802 16:11:08.191554,0,1,0,1,986895,65551,6754151
20160802 16:11:08.199367,0,1,0,1,1052688,65552,6754407
20160802 16:11:08.207179,0,1,0,1,1118481,65553,6754663
20160802 16:11:08.214991,0,1,0,1,1184274,65554,6754919
20160802 16:11:08.222804,0,1,0,1,1250067,65555,6755175
20160802 16:11:08.230617,0,1,0,1,1315860,65556,6755431
20160802 16:11:08.238429,0,1,0,1,1381653,65557,6755687
20160802 16:11:08.246241,0,1,0,1,1447446,65558,6755943
20160802 16:11:08.254054,0,1,0,1,1513239,65559,6756199
20160802 16:11:08.261867,0,1,0,1,1579032,65560,6756455
20160802 16:11:08.269679,0,1,0,1,1644825,65561,6756711
20160802 16:11:08.277491,0,1,0,1,1710618,65562,6756967
20160802 16:11:08.285304,0,1,0,1,1776411,65563,6757223
20160802 16:11:08.293117,0,1,0,1,1842204,65564,6757479
20160802 16:11:08.300929,0,1,0,1,1907997,65565,6757735
20160802 16:11:08.308741,0,1,0,1,1973790,65566,6757991
20160802 16:11:08.316554,0,1,0,1,2039583,65567,6758247
20160802 16:11:08.324367,0,1,0,1,2105376,65568,6758503
20160802 16:11:08.332179,0,1,0,1,2171169,65569,6758759
20160802 16:11:08.339991,0,1,0,1,2236962,65570,6759015
20160802 16:11:08.347804,0,1,0,1,2302755,65571,6759271
20160802 16:11:08.355617,0,1,0,1,2368548,65572,6759527
20160802 16:11:08.363429,0,1,0,1,2434341,65573,6759783
20160802 16:11:08.371241,0,1,0,1,2500134,65574,6760039
20160802 16:11:08.379054,0,1,0,1,2565927,65575,6760295
20160802 16:11:08.386867,0,1,0,1,2631720,65576,6760551
20160802 16:11:08.394679,0,1,0,1,2697513,65577,6760807
20160802 16:11:08.402491,0,1,0,1,2763306,65578,6761063
20160802 16:11:08.410304,0,1,0,1,2829099,65579,6761319
20160802 16:11:08.418117,0,1,0,1,2894892,65580,6761575
20160802 16:11:08.425929,0,1,0,1,2960685,65581,6761831
20160802 16:11:08.433741,0,1,0,1,3026478,65582,6762087
20160802 16:11:08.441554,0,1,0,1,3092271,65583,6762343
20160802 16:11:08.449367,0,1,0,1,3158064,65584,6762599
20160802 16:11:08.457179,0,1,0,1,3223857,65585,6762855
20160802 16:11:08.464991,0,1,0,1,3289650,65586,6763111
20160802 16:11:08.472804,0,1,0,1,3355443,65587,6763367
20160802 16:11:08.480617,0,1,0,1,3421236,65588,6763623
20160802 16:11:08.488429,0,1,0,1,3487029,65589,6763879
20160802 16:11:08.496241,0,1,0,1,3552822,65590,6764135
20160802 16:11:08.504054,0,1,0,1,3618615,65591,6764391
20160802 16:11:08.511867,0,1,0,1,3684408,65592,6764647
20160802 16:11:08.519679,0,1,0,1,3750201,65593,6764903
20160802 16:11:08.527491,0,1,0,1,3815994,65594,6765159
20160802 16:11:08.535304,0,1,0,1,3881787,65595,6765415
20160802 16:11:08.543117,0,1,0,1,3947580,65596,6765671
20160802 16:11:08.550929,0,1,0,1,4013373,65597,6765927
20160802 16:11:08.558741,0,1,0,1,4079166,65598,6766183
20160802 16:11:08.566554,0,1,0,1,4144959,65599,6766439
20160802 16:11:08.574367,0,1,0,1,4210752,65600,6766695
20160802 16:11:08.582179,0,1,0,1,4276545,65601,6766951
20160802 16:11:08.589991,0,1,0,1,4342338,65602,6767207
20160802 16:11:08.597804,0,1,0,1,4408131,65603,6767463
20160802 16:11:08.605617,0,1,0,1,4473924,65604,6767719
20160802 16:11:08.613429,0,1,0,1,4539717,65605,6767975
20160802 16:11:08.621241,0,1,0,1,4605510,65606,6768231
20160802 16:11:08.629054,0,1,0,1,4671303,65607,6768487
20160802 16:11:08.636867,0,1,0,1,4737096,65608,6768743
20160802 16:11:08.644679,0,1,0,1,4802889,65609,6768999
20160802 16:11:08.652491,0,1,0,1,4868682,65610,6769255
20160802 16:11:08.660304,0,1,0,1,4934475,65611,6769511
20160802 16:11:08.668117,0,1,0,1,5000268,65612,6769767
20160802 16:11:08.675929,0,1,0,1,5066061,65613,6770023
20160802 16:11:08.683741,0,1,0,1,5131854,65614,6770279
20160802 16:11:08.691554,0,1,0,1,5197647,65615,6770535
20160802 16:11:08.699367,0,1,0,1,5263440,65616,6770791
20160802 16:11:08.707179,0,1,0,1,5329233,65617,6771047
20160802 16:11:08.714991,0,1,0,1,5395026,65618,6771303
20160802 16:11:08.722804,0,1,0,1,5460819,65619,6771559
20160802 16:11:08.730617,0,1,0,1,5526612,65620,6771815
20160802 16:11:08.738429,0,1,0,1,5592405,65621,6772071
20160802 16:11:08.746241,0,1,0,1,5658198,65622,6772327
20160802 16:11:08.754054,0,1,0,1,5723991,65623,6772583
20160802 16:11:08.761867,0,1,0,1,5789784,65624,6772839
20160802 16:11:08.769679,0,1,0,1,5855577,65625,6773095
20160802 16:11:08.777491,0,1,0,1,5921370,65626,6773351
20160802 16:11:08.785304,0,1,0,1,5987163,65627,6773607
20160802 16:11:08.793117,0,1,0,1,6052956,65628,6773863
20160802 16:11:08.800929,0,1,0,1,6118749,65629,6774119
20160802 16:11:08.808741,0,1,0,1,6184542,65630,6774375
20160802 16:11:08.816554,0,1,0,1,6250335,65631,6774631
20160802 16:11:08.824367,0,1,0,1,6316128,65632,6774887
20160802 16:11:08.832179,0,1,0,1,6381921,65633,6775143
20160802 16:11:08.839991,0,1,0,1,6447714,65634,6775399
20160802 16:11:08.847804,0,1,0,1,6513507,65635,6775655
20160802 16:11:08.855617,0,1,0,1,6579300,65636,6775911
20160802 16:11:08.863429,0,1,0,1,6645093,65637,6776167
20160802 16:11:08.871241,0,1,0,1,6710886,65638,6776423
20160802 16:11:08.879054,0,1,0,1,6776679,65639,6776679
20160802 16:11:08.886867,0,1,0,1,6842472,65640,6776935
20160802 16:11:08.894679,0,1,0,1,6908265,65641,6777191
20160802 16:11:08.902491,0,1,0,1,6974058,65642,6777447
20160802 16:11:08.910304,0,1,0,1,7039851,65643,6777703
20160802 16:11:08.918117,0,1,0,1,7105644,65644,6777959
20160802 16:11:08.925929,0,1,0,1,7171437,65645,6778215
20160802 16:11:08.933741,0,1,0,1,7237230,65646,6778471
20160802 16:11:08.941554,0,1,0,1,7303023,65647,6778727
20160802 16:11:08.949367,0,1,0,1,7368816,65648,6778983
20160802 16:11:08.957179,0,1,0,1,7434609,65649,6779239
20160802 16:11:08.964991,0,1,0,1,7500402,65650,6779495
20160802 16:11:08.972804,0,1,0,1,7566195,65651,6779751
20160802 16:11:08.980617,0,1,0,1,7631988,65652,6780007
20160802 16:11:08.988429,0,1,0,1,7697781,65653,6780263
20160802 16:11:08.996241,0,1,0,1,7763574,65654,6780519
20160802 16:11:09.004054,0,1,0,1,7829367,65655,6780775
20160802 16:11:09.011867,0,1,0,1,7895160,65656,6781031
20160802 16:11:09.019679,0,1,0,1,7960953,65657,6781287
20160802 16:11:09.027491,0,1,0,1,8026746,65658,6781543
20160802 16:11:09.035304,0,1,0,1,8092539,65659,6781799
20160802 16:11:09.043117,0,1,0,1,8158332,65660,6782055
20160802 16:11:09.050929,0,1,0,1,8224125,65661,6782311
20160802 16:11:09.058741,0,1,0,1,8289918,65662,6782567
20160802 16:11:09.066554,0,1,0,1,8355711,65663,6782823
20160802 16:11:09.074367,0,1,0,1,8421504,65664,6783079
20160802 16:11:09.082179,0,1,0,1,8487297,65665,6783335
20160802 16:11:09.089991,0,1,0,1,8553090,65666,6783591
20160802 16:11:09.097804,0,1,0,1,8618883,65667,6783847
20160802 16:11:09.105617,0,1,0,1,8684676,65668,6784103
20160802 16:11:09.113429,0,1,0,1,8750469,65669,6784359
20160802 16:11:09.121241,0,1,0,1,8816262,65670,6784615
20160802 16:11:09.129054,0,1,0,1,8882055,65671,6784871
20160802 16:11:09.136867,0,1,0,1,8947848,65672,6785127
20160802 16:11:09.144679,0,1,0,1,9013641,65673,6785383
20160802 16:11:09.152491,0,1,0,1,9079434,65674,6785639
20160802 16:11:09.160304,0,1,0,1,9145227,65675,6785895
20160802 16:11:09.168117,0,1,0,1,9211020,65676,6786151
20160802 16:11:09.175929,0,1,0,1,9276813,65677,6786407
20160802 16:11:09.183741,0,1,0,1,9342606,65678,6786663
20160802 16:11:09.191554,0,1,0,1,9408399,65679,6786919
20160802 16:11:09.199367,0,1,0,1,9474192,65680,6787175
20160802 16:11:09.207179,0,1,0,1,9539985,65681,6787431
20160802 16:11:09.214991,0,1,0,1,9605778,65682,6787687
20160802 16:11:09.222804,0,1,0,1,9671571,65683,6787943
20160802 16:11:09.230617,0,1,0,1,9737364,65684,6788199
20160802 16:11:09.238429,0,1,0,1,9803157,65685,6788455
20160802 16:11:09.246241,0,1,0,1,9868950,65686,6788711
20160802 16:11:09.254054,0,1,0,1,9934743,65687,6788967
20160802 16:11:09.261867,0,1,0,1,10000536,65688,6789223
20160802 16:11:09.269679,0,1,0,1,10066329,65689,6789479
20160802 16:11:09.277491,0,1,0,1,10132122,65690,6789735
20160802 16:11:09.285304,0,1,0,1,10197915,65691,6789991
20160802 16:11:09.293117,0,1,0,1,10263708,65692,6790247
20160802 16:11:09.300929,0,1,0,1,10329501,65693,6790503
20160802 16:11:09.308741,0,1,0,1,10395294,65694,6790759
20160802 16:11:09.316554,0,1,0,1,10461087,65695,6791015
20160802 16:11:09.324367,0,1,0,1,10526880,65696,6791271
20160802 16:11:09.332179,0,1,0,1,10592673,65697,6791527
20160802 16:11:09.339991,0,1,0,1,10658466,65698,6791783
20160802 16:11:09.347804,0,1,0,1,10724259,65699,6792039
20160802 16:11:09.355617,0,1,0,1,10790052,65700,6792295
20160802 16:11:09.363429,0,1,0,1,10855845,65701,6792551
20160802 16:11:09.371241,0,1,0,1,10921638,65702,6792807
20160802 16:11:09.379054,0,1,0,1,10987431,65703,6793063
20160802 16:11:09.386867,0,1,0,1,11053224,65704,6793319
20160802 16:11:09.394679,0,1,0,1,11119017,65705,6793575
20160802 16:11:09.402491,0,1,0,1,11184810,65706,6793831
20160802 16:11:09.410304,0,1,0,1,11250603,65707,6794087
20160802 16:11:09.418117,0,1,0,1,11316396,65708,6794343
20160802 16:11:09.425929,0,1,0,1,11382189,65709,6794599
20160802 16:11:09.433741,0,1,0,1,11447982,65710,6794855
20160802 16:11:09.441554,0,1,0,1,11513775,65711,6795111
20160802 16:11:09.449367,0,1,0,1,11579568,65712,6795367
20160802 16:11:09.457179,0,1,0,1,11645361,65713,6795623
20160802 16:11:09.464991,0,1,0,1,11711154,65714,6795879
20160802 16:11:09.472804,0,1,0,1,11776947,65715,6796135
20160802 16:11:09.480617,0,1,0,1,11842740,65716,6796391
20160802 16:11:09.488429,0,1,0,1,11908533,65717,6796647
20160802 16:11:09.496241,0,1,0,1,11974326,65718,6796903
20160802 16:11:09.504054,0,1,0,1,12040119,65719,6797159
20160802 16:11:09.511867,0,1,0,1,12105912,65720,6797415
20160802 16:11:09.519679,0,1,0,1,12171705,65721,6797671
20160802 16:11:09.527491,0,1,0,1,12237498,65722,6797927
20160802 16:11:09.535304,0,1,0,1,12303291,65723,6798183
20160802 16:11:09.543117,0,1,0,1,12369084,65724,6798439
20160802 16:11:09.550929,0,1,0,1,12434877,65725,6798695
20160802 16:11:09.558741,0,1,0,1,12500670,65726,6798951
20160802 16:11:09.566554,0,1,0,1,12566463,65727,6799207
20160802 16:11:09.574367,0,1,0,1,12632256,65728,6799463
20160802 16:11:09.582179,0,1,0,1,12698049,65729,6799719
20160802 16:11:09.589991,0,1,0,1,12763842,65730,6799975
20160802 16:11:09.597804,0,1,0,1,12829635,65731,6800231
20160802 16:11:09.605617,0,1,0,1,12895428,65732,6800487
20160802 16:11:09.613429,0,1,0,1,12961221,65733,6800743
20160802 16:11:09.621241,0,1,0,1,13027014,65734,6800999
20160802 16:11:09.629054,0,1,0,1,13092807,65735,6801255
20160802 16:11:09.636867,0,1,0,1,13158600,65736,6801511
20160802 16:11:09.644679,0,1,0,1,13224393,65737,6801767
20160802 16:11:09.652491,0,1,0,1,13290186,65738,6802023
20160802 16:11:09.660304,0,1,0,1,13355979,65739,6802279
20160802 16:11:09.668117,0,1,0,1,13421772,65740,6802535
20160802 16:11:09.675929,0,1,0,1,13487565,65741,6802791
20160802 16:11:09.683741,0,1,0,1,13553358,65742,6803047
20160802 16:11:09.691554,0,1,0,1,13619151,65743,6803303
20160802 16:11:09.699367,0,1,0,1,13684944,65744,6803559
20160802 16:11:09.707179,0,1,0,1,13750737,65745,6803815
20160802 16:11:09.714991,0,1,0,1,13816530,65746,6804071
20160802 16:11:09.722804,0,1,0,1,13882323,65747,6804327
20160802 16:11:09.730617,0,1,0,1,13948116,65748,6804583
20160802 16:11:09.738429,0,1,0,1,14013909,65749,6804839
20160802 16:11:09.746241,0,1,0,1,14079702,65750,6805095
20160802 16:11:09.754054,0,1,0,1,14145495,65751,6805351
20160802 16:11:09.761867,0,1,0,1,14211288,65752,6805607
20160802 16:11:09.769679,0,1,0,1,14277081,65753,6805863
20160802 16:11:09.777491,0,1,0,1,14342874,65754,6806119
20160802 16:11:09.785304,0,1,0,1,14408667,65755,6806375
20160802 16:11:09.793117,0,1,0,1,14474460,65756,6806631
20160802 16:11:09.800929,0,1,0,1,14540253,65757,6806887
20160802 16:11:09.808741,0,1,0,1,14606046,65758,6807143
20160802 16:11:09.816554,0,1,0,1,14671839,65759,6807399
20160802 16:11:09.824367,0,1,0,1,14737632,65760,6807655
20160802 16:11:09.832179,0,1,0,1,14803425,65761,6807911
20160802 16:11:09.839991,0,1,0,1,14869218,65762,6808167
20160802 16:11:09.847804,0,1,0,1,14935011,65763,6808423
20160802 16:11:09.855617,0,1,0,1,15000804,65764,6808679
20160802 16:11:09.863429,0,1,0,1,15066597,65765,6808935
20160802 16:11:09.871241,0,1,0,1,15132390,65766,6809191
20160802 16:11:09.879054,0,1,0,1,15198183,65767,6809447
20160802 16:11:09.886867,0,1,0,1,15263976,65768,6809703
20160802 16:11:09.894679,0,1,0,1,15329769,65769,6809959
20160802 16:11:09.902491,0,1,0,1,15395562,65770,6810215
20160802 16:11:09.910304,0,1,0,1,15461355,65771,6810471
20160802 16:11:09.918117,0,1,0,1,15527148,65772,6810727
20160802 16:11:09.925929,0,1,0,1,15592941,65773,6810983
20160802 16:11:09.933741,0,1,0,1,15658734,65774,6811239
20160802 16:11:09.941554,0,1,0,1,15724527,65775,6811495
20160802 16:11:09.949367,0,1,0,1,15790320,65776,6811751
20160802 16:11:09.957179,0,1,0,1,15856113,65777,6812007
20160802 16:11:09.964991,0,1,0,1,15921906,65778,6812263
20160802 16:11:09.972804,0,1,0,1,15987699,65779,6812519
20160802 16:11:09.980617,0,1,0,1,16053492,65780,6812775
20160802 16:11:09.988429,0,1,0,1,16119285,65781,6813031
20160802 16:11:09.996241,0,1,0,1,16185078,65782,6813287
20160802 16:11:10.004054,0,1,0,1,16250871,65783,6813543
20160802 16:11:10.011867,0,1,0,1,16316664,65784,6813799
20160802 16:11:10.019679,0,1,0,1,16382457,65785,6814055
20160802 16:11:10.027491,0,1,0,1,16448250,65786,6814311
20160802 16:11:10.035304,0,1,0,1,16514043,65787,6814567
20160802 16:11:10.043117,0,1,0,1,16579836,65788,6814823
20160802 16:11:10.050929,0,1,0,1,16645629,65789,6815079
20160802 16:11:10.058741,0,1,0,1,16711422,65790,6815335
20160802 16:11:10.066554,0,1,0,1,16777215,65791,6815591
20160802 16:11:10.074367,0,1,0,1,0,65536,6815848
20160802 16:11:10.082179,0,1,0,1,65793,65537,6816104
20160802 16:11:10.089991,0,1,0,1,131586,65538,6816360
20160802 16:11:10.097804,0,1,0,1,197379,65539,6816616
20160802 16:11:10.105617,0,1,0,1,263172,65540,6816872
20160802 16:11:10.113429,0,1,0,1,328965,65541,6817128
20160802 16:11:10.121241,0,1,0,1,394758,65542,6817384
20160802 16:11:10.129054,0,1,0,1,460551,65543,6817640
20160802 16:11:10.136867,0,1,0,1,526344,65544,6817896
20160802 16:11:10.144679,0,1,0,1,592137,65545,6818152
20160802 16:11:10.152491,0,1,0,1,657930,65546,6818408
20160802 16:11:10.160304,0,1,0,1,723723,65547,6818664
20160802 16:11:10.168117,0,1,0,1,789516,65548,6818920
20160802 16:11:10.175929,0,1,0,1,855309,65549,6819176
20160802 16:11:10.183741,0,1,0,1,921102,65550,6819432
20160802 16:11:10.191554,0,1,0,1,986895,65551,6819688
20160802 16:11:10.199367,0,1,0,1,1052688,65552,6819944
20160802 16:11:10.207179,0,1,0,1,1118481,65553,6820200
20160802 16:11:10.214991,0,1,0,1,1184274,65554,6820456
20160802 16:11:10.222804,0,1,0,1,1250067,65555,6820712
20160802 16:11:10.230617,0,1,0,1,1315860,65556,6820968
20160802 16:11:10.238429,0,1,0,1,1381653,65557,6821224
20160802 16:11:10.246241,0,1,0,1,1447446,65558,6821480
20160802 16:11:10.254054,0,1,0,1,1513239,65559,6821736
20160802 16:11:10.261867,0,1,0,1,1579032,65560,6821992
20160802 16:11:10.269679,0,1,0,1,1644825,65561,6822248
20160802 16:11:10.277491,0,1,0,1,1710618,65562,6822504
20160802 16:11:10.285304,0,1,0,1,1776411,65563,6822760
20160802 16:11:10.293117,0,1,0,1,1842204,65564,6823016
20160802 16:11:10.300929,0,1,0,1,1907997,65565,6823272
20160802 16:11:10.308741,0,1,0,1,1973790,65566,6823528
20160802 16:11:10.316554,0,1,0,1,2039583,65567,6823784
20160802 16:11:10.324367,0,1,0,1,2105376,65568,6824040
20160802 16:11:10.332179,0,1,0,1,2171169,65569,6824296
20160802 16:11:10.339991,0,1,0,1,2236962,65570,6824552
20160802 16:11:10.347804,0,1,0,1,2302755,65571,6824808
20160802 16:11:10.355617,0,1,0,1,2368548,65572,6825064
20160802 16:11:10.363429,0,1,0,1,2434341,65573,6825320
20160802 16:11:10.371241,0,1,0,1,2500134,65574,6825576
20160802 16:11:10.379054,0,1,0,1,2565927,65575,6825832
20160802 16:11:10.386867,0,1,0,1,2631720,65576,6826088
20160802 16:11:10.394679,0,1,0,1,2697513,65577,6826344
20160802 16:11:10.402491,0,1,0,1,2763306,65578,6826600
20160802 16:11:10.410304,0,1,0,1,2829099,65579,6826856
20160802 16:11:10.418117,0,1,0,1,2894892,65580,6827112
20160802 16:11:10.425929,0,1,0,1,2960685,65581,6827368
20160802 16:11:10.433741,0,1,0,1,3026478,65582,6827624
20160802 16:11:10.441554,0,1,0,1,3092271,65583,6827880
20160802 16:11:10.449367,0,1,0,1,3158064,65584,6828136
20160802 16:11:10.457179,0,1,0,1,3223857,65585,6828392
20160802 16:11:10.464991,0,1,0,1,3289650,65586,6828648
20160802 16:11:10.472804,0,1,0,1,3355443,65587,6828904
20160802 16:11:10.480617,0,1,0,1,3421236,65588,6829160
20160802 16:11:10.488429,0,1,0,1,3487029,65589,6829416
20160802 16:11:10.496241,0,1,0,1,3552822,65590,6829672
20160802 16:11:10.504054,0,1,0,1,3618615,65591,6829928
20160802 16:11:10.511867,0,1,0,1,3684408,65592,6830184
20160802 16:11:10.519679,0,1,0,1,3750201,65593,6830440
20160802 16:11:10.527491,0,1,0,1,3815994,65594,6830696
20160802 16:11:10.535304,0,1,0,1,3881787,65595,6830952
20160802 16:11:10.543117,0,1,0,1,3947580,65596,6831208
20160802 16:11:10.550929,0,1,0,1,4013373,65597,6831464
20160802 16:11:10.558741,0,1,0,1,4079166,65598,6831720
20160802 16:11:10.566554,0,1,0,1,4144959,65599,6831976
20160802 16:11:10.574367,0,1,0,1,4210752,65600,6832232
20160802 16:11:10.582179,0,1,0,1,4276545,65601,6832488
20160802 16:11:10.589991,0,1,0,1,4342338,65602,6832744
20160802 16:11:10.597804,0,1,0,1,4408131,65603,6833000
20160802 16:11:10.605617,0,1,0,1,4473924,65604,6833256
20160802 16:11:10.613429,0,1,0,1,4539717,65605,6833512
20160802 16:11:10.621241,0,1,0,1,4605510,65606,6833768
20160802 16:11:10.629054,0,1,0,1,4671303,65607,6834024
20160802 16:11:10.636867,0,1,0,1,4737096,65608,6834280
20160802 16:11:10.644679,0,1,0,1,4802889,65609,6834536
20160802 16:11:10.652491,0,1,0,1,4868682,65610,6834792
20160802 16:11:10.660304,0,1,0,1,4934475,65611,6835048
20160802 16:11:10.668117,0,1,0,1,5000268,65612,6835304
20160802 16:11:10.675929,0,1,0,1,5066061,65613,6835560
20160802 16:11:10.683741,0,1,0,1,5131854,65614,6835816
20160802 16:11:10.691554,0,1,0,1,5197647,65615,6836072
20160802 16:11:10.699367,0,1,0,1,5263440,65616,6836328
20160802 16:11:10.707179,0,1,0,1,5329233,65617,6836584
20160802 16:11:10.714991,0,1,0,1,5395026,65618,6836840
20160802 16:11:10.722804,0,1,0,1,5460819,65619,6837096
20160802 16:11:10.730617,0,1,0,1,5526612,65620,6837352
20160802 16:11:10.738429,0,1,0,1,5592405,65621,6837608
20160802 16:11:10.746241,0,1,0,1,5658198,65622,6837864
20160802 16:11:10.754054,0,1,0,1,5723991,65623,6838120
20160802 16:11:10.761867,0,1,0,1,5789784,65624,6838376
20160802 16:11:10.769679,0,1,0,1,5855577,65625,6838632
20160802 16:11:10.777491,0,1,0,1,5921370,65626,6838888
20160802 16:11:10.785304,0,1,0,1,5987163,65627,6839144
20160802 16:11:10.793117,0,1,0,1,6052956,65628,6839400
20160802 16:11:10.800929,0,1,0,1,6118749,65629,6839656
20160802 16:11:10.808741,0,1,0,1,6184542,65630,6839912
20160802 16:11:10.816554,0,1,0,1,6250335,65631,6840168
20160802 16:11:10.824367,0,1,0,1,6316128,65632,6840424
20160802 16:11:10.832179,0,1,0,1,6381921,65633,6840680
20160802 16:11:10.839991,0,1,0,1,6447714,65634,6840936
20160802 16:11:10.847804,0,1,0,1,6513507,65635,6841192
20160802 16:11:10.855617,0,1,0,1,6579300,65636,6841448
20160802 16:11:10.863429,0,1,0,1,6645093,65637,6841704
20160802 16:11:10.871241,0,1,0,1,6710886,65638,6841960
20160802 16:11:10.879054,0,1,0,1,6776679,65639,6842216
20160802 16:11:10.886867,0,1,0,1,6842472,65640,6842472
20160802 16:11:10.894679,0,1,0,1,6908265,65641,6842728
20160802 16:11:10.902491,0,1,0,1,6974058,65642,6842984
20160802 16:11:10.910304,0,1,0,1,7039851,65643,6843240
20160802 16:11:10.918117,0,1,0,1,7105644,65644,6843496
20160802 16:11:10.925929,0,1,0,1,7171437,65645,6843752
20160802 16:11:10.933741,0,1,0,1,7237230,65646,6844008
20160802 16:11:10.941554,0,1,0,1,7303023,65647,6844264
20160802 16:11:10.949367,0,1,0,1,7368816,65648,6844520
20160802 16:11:10.957179,0,1,0,1,7434609,65649,6844776
20160802 16:11:10.964991,0,1,0,1,7500402,65650,6845032
20160802 16:11:10.972804,0,1,0,1,7566195,65651,6845288
20160802 16:11:10.980617,0,1,0,1,7631988,65652,6845544
20160802 16:11:10.988429,0,1,0,1,7697781,65653,6845800
20160802 16:11:10.996241,0,1,0,1,7763574,65654,6846056
20160802 16:11:11.004054,0,1,0,1,7829367,65655,6846312
20160802 16:11:11.011867,0,1,0,1,7895160,65656,6846568
20160802 16:11:11.019679,0,1,0,1,7960953,65657,6846824
20160802 16:11:11.027491,0,1,0,1,8026746,65658,6847080
20160802 16:11:11.035304,0,1,0,1,8092539,65659,6847336
20160802 16:11:11.043117,0,1,0,1,8158332,65660,6847592
20160802 16:11:11.050929,0,1,0,1,8224125,65661,6847848
20160802 16:11:11.058741,0,1,0,1,8289918,65662,6848104
20160802 16:11:11.066554,0,1,0,1,8355711,65663,6848360
20160802 16:11:11.074367,0,1,0,1,8421504,65664,6848616
20160802 16:11:11.082179,0,1,0,1,8487297,65665,6848872
20160802 16:11:11.089991,0,1,0,1,8553090,65666,6849128
20160802 16:11:11.097804,0,1,0,1,8618883,65667,6849384
20160802 16:11:11.105617,0,1,0,1,8684676,65668,6849640
20160802 16:11:11.113429,0,1,0,1,8750469,65669,6849896
20160802 16:11:11.121241,0,1,0,1,8816262,65670,6850152
20160802 16:11:11.129054,0,1,0,1,8882055,65671,6850408
20160802 16:11:11.136867,0,1,0,1,8947848,65672,6850664
20160802 16:11:11.144679,0,1,0,1,9013641,65673,6850920
20160802 16:11:11.152491,0,1,0,1,9079434,65674,6851176
20160802 16:11:11.160304,0,1,0,1,9145227,65675,6851432
20160802 16:11:11.168117,0,1,0,1,9211020,65676,6851688
20160802 16:11:11.175929,0,1,0,1,9276813,65677,6851944
20160802 16:11:11.183741,0,1,0,1,9342606,65678,6852200
20160802 16:11:11.191554,0,1,0,1,9408399,65679,6852456
20160802 16:11:11.199367,0,1,0,1,9474192,65680,6852712
20160802 16:11:11.207179,0,1,0,1,9539985,65681,6852968
20160802 16:11:11.214991,0,1,0,1,9605778,65682,6853224
20160802 16:11:11.222804,0,1,0,1,9671571,65683,6853480
20160802 16:11:11.230617,0,1,0,1,9737364,65684,6853736
20160802 16:11:11.238429,0,1,0,1,9803157,65685,6853992
20160802 16:11:11.246241,0,1,0,1,9868950,65686,6854248
20160802 16:11:11.254054,0,1,0,1,9934743,65687,6854504
20160802 16:11:11.261867,0,1,0,1,10000536,65688,6854760
20160802 16:11:11.269679,0,1,0,1,10066329,65689,6855016
20160802 16:11:11.277491,0,1,0,1,10132122,65690,6855272
20160802 16:11:11.285304,0,1,0,1,10197915,65691,6855528
20160802 16:11:11.293117,0,1,0,1,10263708,65692,6855784
20160802 16:11:11.300929,0,1,0,1,10329501,65693,6856040
20160802 16:11:11.308741,0,1,0,1,10395294,65694,6856296
20160802 16:11:11.316554,0,1,0,1,10461087,65695,6856552
20160802 16:11:11.324367,0,1,0,1,10526880,65696,6856808
20160802 16:11:11.332179,0,1,0,1,10592673,65697,6857064
20160802 16:11:11.339991,0,1,0,1,10658466,65698,6857320
20160802 16:11:11.347804,0,1,0,1,10724259,65699,6857576
20160802 16:11:11.355617,0,1,0,1,10790052,65700,6857832
20160802 16:11:11.363429,0,1,0,1,10855845,65701,6858088
20160802 16:11:11.371241,0,1,0,1,10921638,65702,6858344
20160802 16:11:11.379054,0,1,0,1,10987431,65703,6858600
20160802 16:11:11.386867,0,1,0,1,11053224,65704,6858856
20160802 16:11:11.394679,0,1,0,1,11119017,65705,6859112
20160802 16:11:11.402491,0,1,0,1,11184810,65706,6859368
20160802 16:11:11.410304,0,1,0,1,11250603,65707,6859624
20160802 16:11:11.418117,0,1,0,1,11316396,65708,6859880
20160802 16:11:11.425929,0,1,0,1,11382189,65709,6860136
20160802 16:11:11.433741,0,1,0,1,11447982,65710,6860392
20160802 16:11:11.441554,0,1,0,1,11513775,65711,6860648
20160802 16:11:11.449367,0,1,0,1,11579568,65712,6860904
20160802 16:11:11.457179,0,1,0,1,11645361,65713,6861160
20160802 16:11:11.464991,0,1,0,1,11711154,65714,6861416
20160802 16:11:11.472804,0,1,0,1,11776947,65715,6861672
20160802 16:11:11.480617,0,1,0,1,11842740,65716,6861928
20160802 16:11:11.488429,0,1,0,1,11908533,65717,6862184
20160802 16:11:11.496241,0,1,0,1,11974326,65718,6862440
20160802 16:11:11.504054,0,1,0,1,12040119,65719,6862696
20160802 16:11:11.511867,0,1,0,1,12105912,65720,6862952
20160802 16:11:11.519679,0,1,0,1,12171705,65721,6863208
20160802 16:11:11.527491,0,1,0,1,12237498,65722,6863464
20160802 16:11:11.535304,0,1,0,1,12303291,65723,6863720
20160802 16:11:11.543117,0,1,0,1,12369084,65724,6863976
20160802 16:11:11.550929,0,1,0,1,12434877,65725,6864232
20160802 16:11:11.558741,0,1,0,1,12500670,65726,6864488
20160802 16:11:11.566554,0,1,0,1,12566463,65727,6864744
20160802 16:11:11.574367,0,1,0,1,12632256,65728,6865000
20160802 16:11:11.582179,0,1,0,1,12698049,65729,6865256
20160802 16:11:11.589991,0,1,0,1,12763842,65730,6865512
20160802 16:11:11.597804,0,1,0,1,12829635,65731,6865768
20160802 16:11:11.605617,0,1,0,1,12895428,65732,6866024
20160802 16:11:11.613429,0,1,0,1,12961221,65733,6866280
20160802 16:11:11.621241,0,1,0,1,13027014,65734,6866536
20160802 16:11:11.629054,0,1,0,1,13092807,65735,6866792
20160802 16:11:11.636867,0,1,0,1,13158600,65736,6867048
20160802 16:11:11.644679,0,1,0,1,13224393,65737,6867304
20160802 16:11:11.652491,0,1,0,1,13290186,65738,6867560
20160802 16:11:11.660304,0,1,0,1,13355979,65739,6867816
20160802 16:11:11.668117,0,1,0,1,13421772,65740,6868072
20160802 16:11:11.675929,0,1,0,1,13487565,65741,6868328
20160802 16:11:11.683741,0,1,0,1,13553358,65742,6868584
20160802 16:11:11.691554,0,1,0,1,13619151,65743,6868840
20160802 16:11:11.699367,0,1,0,1,13684944,65744,6869096
20160802 16:11:11.707179,0,1,0,1,13750737,65745,6869352
20160802 16:11:11.714991,0,1,0,1,13816530,65746,6869608
20160802 16:11:11.722804,0,1,0,1,13882323,65747,6869864
20160802 16:11:11.730617,0,1,0,1,13948116,65748,6870120
20160802 16:11:11.738429,0,1,0,1,14013909,65749,6870376
20160802 16:11:11.746241,0,1,0,1,14079702,65750,6870632
20160802 16:11:11.754054,0,1,0,1,14145495,65751,6870888
20160802 16:11:11.761867,0,1,0,1,14211288,65752,6871144
20160802 16:11:11.769679,0,1,0,1,14277081,65753,6871400
20160802 16:11:11.777491,0,1,0,1,14342874,65754,6871656
20160802 16:11:11.785304,0,1,0,1,14408667,65755,6871912
20160802 16:11:11.793117,0,1,0,1,14474460,65756,6872168
20160802 16:11:11.800929,0,1,0,1,14540253,65757,6872424
20160802 16:11:11.808741,0,1,0,1,14606046,65758,6872680
20160802 16:11:11.816554,0,1,0,1,14671839,65759,6872936
20160802 16:11:11.824367,0,1,0,1,14737632,65760,6873192
20160802 16:11:11.832179,0,1,0,1,14803425,65761,6873448
20160802 16:11:11.839991,0,1,0,1,14869218,65762,6873704
20160802 16:11:11.847804,0,1,0,1,14935011,65763,6873960
20160802 16:11:11.855617,0,1,0,1,15000804,65764,6874216
20160802 16:11:11.863429,0,1,0,1,15066597,65765,6874472
20160802 16:11:11.871241,0,1,0,1,15132390,65766,6874728
20160802 16:11:11.879054,0,1,0,1,15198183,65767,6874984
20160802 16:23:11.722804,1,1,106,1,111210,111210,6992490
20170425 03:52:58.339991,4,208,208,208,65744,118890,6947178
20170425 03:52:58.339991,4,208,208,208,13658625,13658625,0
20170425 03:52:58.339991,4,208,208,208,110596,13697280,13750737
20170425 03:52:58.339991,4,208,208,208,13724161,92673,7000426
20170425 03:52:58.339991,4,208,208,208,6947281,209,0
20170425 03:52:58.339991,4,208,208,208,65537,13816530,13762770
20170425 03:52:58.339991,4,208,208,208,6947282,13789697,92673
20170425 03:52:58.339991,4,208,208,208,53866,0,307716
20170425 03:52:58.339991,4,208,208,208,13882113,54227,92673
20170425 03:52:58.339991,4,208,208,208,6947178,6947283,13828563
20170425 03:52:58.339991,4,208,208,208,0,11731968,65537
20170425 03:52:58.339991,4,208,208,208,13948116,6947072,13894100
20170425 03:52:58.339991,4,208,208,208,119914,119914,7001194
20170425 03:52:58.339991,4,208,208,208,262144,436,120065
20170425 03:52:58.339991,4,208,208,208,65749,120170,6947178
20170425 03:52:58.339991,4,208,208,208,