time,status,sensor temperature controller,laser temperature controller,laser current controller,microwave reference controller,zeeman_controller,science_data_id,science_data,time_stamp
20160822 01:40:31.442888,0,160,6,0,0,3,166,239104,0
20160822 01:40:31.442888,0,0,0,0,7,141,1,3,42752
20160822 01:40:31.442888,0,0,3,160,7,0,3,2801795072,7
20160822 16:27:59.442888,0,0,14,0,0,4,14,265728,0
20160822 16:27:59.442888,0,0,0,0,7,245,1,4,3840
20160822 16:27:59.442888,0,0,4,0,15,0,4,251658240,7
20160822 16:27:59.442888,0,240,6,0,1,0,0,266240,1040
20160816 18:48:45.442888,0,240,7,0,1,0,0,266496,1041
20160816 18:48:45.442888,0,0,0,0,4,17,0,7,63489
20160816 18:48:45.442888,0,0,0,0,0,0,4,301990930,4
20160816 18:48:45.442888,0,16,2,0,0,0,0,522497,0
20160816 18:48:45.442888,0,0,0,0,4,19,0,68354052,4864
20160816 18:48:45.442888,0,0,0,0,0,0,7,4194369536,4
20160816 18:48:45.442888,0,16,4,0,0,4,20,267264,0
20160822 17:27:43.442888,0,16,5,0,0,4,21,267520,0
20160822 17:27:43.442888,0,0,0,0,7,252,1,4,5632
20160822 17:27:43.442888,0,0,4,16,6,0,4,369098752,7
20160822 17:27:43.442888,0,240,13,0,1,0,0,268032,1047
20160816 19:48:29.442888,0,240,14,0,1,0,0,268288,1048
20160816 19:48:29.442888,0,0,0,0,4,24,0,7,65281
20160816 19:48:29.442888,0,0,0,0,0,0,4,419431449,4
20160816 19:48:29.442888,0,16,9,0,0,0,0,524289,0
20160816 19:48:29.442888,0,0,0,0,4,26,0,68812804,6656
20160816 19:48:29.442888,0,0,0,0,0,0,8,16842752,4
20160816 19:48:29.442888,0,16,11,0,0,4,27,269056,0
20160822 18:27:27.442888,0,16,12,0,0,4,28,269312,0
20160822 18:27:27.442888,0,0,0,0,8,3,1,4,7424
20160822 18:27:27.442888,0,0,4,16,13,0,4,486539264,8
20160822 18:27:27.442888,0,0,4,0,1,0,0,269824,1054
20160816 20:48:13.442888,0,0,5,0,1,0,0,270080,1055
20160816 20:48:13.442888,0,0,0,0,4,31,0,8,1537
20160816 20:48:13.442888,0,0,0,0,0,0,4,536871968,4
20160816 20:48:13.442888,0,32,0,0,0,0,0,526081,0
20160816 20:48:13.442888,0,0,0,0,4,33,0,69271556,8448
20160816 20:48:13.442888,0,0,0,0,0,0,8,134283264,4
20160816 20:48:13.442888,0,32,2,0,0,4,34,270848,0
20160816 20:48:13.442888,0,0,0,0,8,9,1,4,8960
20160822 19:35:43.442888,0,32,4,0,0,4,36,271360,0
20160822 19:35:43.442888,0,0,0,0,8,11,1,4,9472
20160822 19:35:43.442888,0,0,4,32,5,0,4,620756992,8
20160822 19:35:43.442888,0,0,12,0,1,0,0,271872,1062
20160816 21:56:29.442888,0,0,13,0,1,0,0,272128,1063
20160816 21:56:29.442888,0,0,0,0,4,39,0,8,3585
20160816 21:56:29.442888,0,0,0,0,0,0,4,671089704,4
20160816 21:56:29.442888,0,32,8,0,0,0,0,528129,0
20160816 21:56:29.442888,0,0,0,0,4,41,0,69795844,10496
20160816 21:56:29.442888,0,0,0,0,0,0,8,268500992,4
20160816 21:56:29.442888,0,32,10,0,0,4,42,272896,0
20160816 21:56:29.442888,0,0,0,0,8,17,1,4,11008
20160822 20:43:59.442888,0,32,12,0,0,4,44,273408,0
20160822 20:43:59.442888,0,0,0,0,8,19,1,4,11520
20160822 20:43:59.442888,0,0,4,32,13,0,4,754974720,8
20160822 20:43:59.442888,0,16,4,0,1,0,0,273920,1070
20160816 23:04:45.442888,0,16,5,0,1,0,0,274176,1071
20160816 23:04:45.442888,0,0,0,0,4,47,0,8,5633
20160816 23:04:45.442888,0,0,0,0,0,0,4,805307440,4
20160816 23:04:45.442888,0,48,0,0,0,0,0,530177,0
20160816 23:04:45.442888,0,0,0,0,4,49,0,70320132,12544
20160816 23:04:45.442888,0,0,0,0,0,0,8,402718720,4
20160816 23:04:45.442888,0,48,2,0,0,4,50,274944,0
20160816 23:04:45.442888,0,0,0,0,8,25,1,4,13056
20160822 21:52:15.442888,0,48,4,0,0,4,52,275456,0
20160822 21:52:15.442888,0,0,0,0,8,27,1,4,13568
20160822 21:52:15.442888,0,0,4,48,5,0,4,889192448,8
20160822 21:52:15.442888,0,16,12,0,1,0,0,275968,1078
20160817 00:13:01.442888,0,16,13,0,1,0,0,276224,1079
20160817 00:13:01.442888,0,0,0,0,4,55,0,8,7681
20160817 00:13:01.442888,0,0,0,0,0,0,4,939525176,4
20160817 00:13:01.442888,0,48,8,0,0,0,0,532225,0
20160817 00:13:01.442888,0,0,0,0,4,57,0,70844420,14592
20160817 00:13:01.442888,0,0,0,0,0,0,8,536936448,4
20160817 00:13:01.442888,0,48,10,0,0,4,58,276992,0
20160817 00:13:01.442888,0,0,0,0,8,33,1,4,15104
20160822 23:00:31.442888,0,48,12,0,0,4,60,277504,0
20160822 23:00:31.442888,0,0,0,0,8,35,1,4,15616
20160822 23:00:31.442888,0,0,4,48,13,0,4,1023410176,8
20160822 23:00:31.442888,0,32,4,0,1,0,0,278016,1086
20160817 01:21:17.442888,0,32,5,0,1,0,0,278272,1087
20160817 01:21:17.442888,0,0,0,0,4,63,0,8,9729
20160817 01:21:17.442888,0,0,0,0,0,0,4,1073742912,4
20160817 01:21:17.442888,0,64,0,0,0,0,0,534273,0
20160817 01:21:17.442888,0,0,0,0,4,65,0,71368708,16640
20160817 01:21:17.442888,0,0,0,0,0,0,8,671154176,4
20160817 01:21:17.442888,0,64,2,0,0,4,66,279040,0
20160817 01:21:17.442888,0,0,0,0,8,41,1,4,17152
20160823 00:08:47.442888,0,64,4,0,0,4,68,279552,0
20160823 00:08:47.442888,0,0,0,0,8,43,1,4,17664
20160823 00:08:47.442888,0,0,4,64,5,0,4,1157627904,8
20160823 00:08:47.442888,0,32,12,0,1,0,0,280064,1094
20160817 02:29:33.442888,0,32,13,0,1,0,0,280320,1095
20160817 02:29:33.442888,0,0,0,0,4,71,0,8,11777
20160817 02:29:33.442888,0,0,0,0,0,0,4,1207960648,4
20160817 02:29:33.442888,0,64,8,0,0,0,0,536321,0
20160817 02:29:33.442888,0,0,0,0,4,73,0,71892996,18688
20160817 02:29:33.442888,0,0,0,0,0,0,8,805371904,4
20160817 02:29:33.442888,0,64,10,0,0,4,74,281088,0
20160817 02:29:33.442888,0,0,0,0,8,49,1,4,19200
20160823 01:17:03.442888,0,64,12,0,0,4,76,281600,0
20160823 01:17:03.442888,0,0,0,0,8,51,1,4,19712
20160823 01:17:03.442888,0,0,4,64,13,0,4,1291845632,8
20160823 01:17:03.442888,0,48,4,0,1,0,0,282112,1102
20160817 03:37:49.442888,0,48,5,0,1,0,0,282368,1103
20160817 03:37:49.442888,0,0,0,0,4,79,0,8,13825
20160817 03:37:49.442888,0,0,0,0,0,0,4,1342178384,4
20160817 03:37:49.442888,0,80,0,0,0,0,0,538369,0
20160817 03:37:49.442888,0,0,0,0,4,81,0,72417284,20736
20160817 03:37:49.442888,0,0,0,0,0,0,8,939589632,4
20160817 03:37:49.442888,0,80,2,0,0,4,82,283136,0
20160817 03:37:49.442888,0,0,0,0,8,57,1,4,21248
20160823 02:25:19.442888,0,80,4,0,0,4,84,283648,0
20160823 02:25:19.442888,0,0,0,0,8,59,1,4,21760
20160823 02:25:19.442888,0,0,4,80,5,0,4,1426063360,8
20160823 02:25:19.442888,0,48,12,0,1,0,0,284160,1110
20160817 04:46:05.442888,0,48,13,0,1,0,0,284416,1111
20160817 04:46:05.442888,0,0,0,0,4,87,0,8,15873
20160817 04:46:05.442888,0,0,0,0,0,0,4,1476396120,4
20160817 04:46:05.442888,0,80,8,0,0,0,0,540417,0
20160817 04:46:05.442888,0,0,0,0,4,89,0,72941572,22784
20160817 04:46:05.442888,0,0,0,0,0,0,8,1073807360,4
20160817 04:46:05.442888,0,80,10,0,0,4,90,285184,0
20160817 04:46:05.442888,0,0,0,0,8,65,1,4,23296
20160823 03:33:35.442888,0,80,12,0,0,4,92,285696,0
20160823 03:33:35.442888,0,0,0,0,8,67,1,4,23808
20160823 03:33:35.442888,0,0,4,80,13,0,4,1560281088,8
20160823 03:33:35.442888,0,64,4,0,1,0,0,286208,1118
20160817 05:54:21.442888,0,64,5,0,1,0,0,286464,1119
20160817 05:54:21.442888,0,0,0,0,4,95,0,8,17921
20160817 05:54:21.442888,0,0,0,0,0,0,4,1610613856,4
20160817 05:54:21.442888,0,96,0,0,0,0,0,542465,0
20160817 05:54:21.442888,0,0,0,0,4,97,0,73465860,24832
20160817 05:54:21.442888,0,0,0,0,0,0,8,1208025088,4
20160817 05:54:21.442888,0,96,2,0,0,4,98,287232,0
20160817 05:54:21.442888,0,0,0,0,8,73,1,4,25344
20160823 04:41:51.442888,0,96,4,0,0,4,100,287744,0
20160823 04:41:51.442888,0,0,0,0,8,75,1,4,25856
20160823 04:41:51.442888,0,0,4,96,5,0,4,1694498816,8
20160823 04:41:51.442888,0,64,12,0,1,0,0,288256,1126
20160817 07:02:37.442888,0,64,13,0,1,0,0,288512,1127
20160817 07:02:37.442888,0,0,0,0,4,103,0,8,19969
20160817 07:02:37.442888,0,0,0,0,0,0,4,1744831592,4
20160817 07:02:37.442888,0,96,8,0,0,0,0,544513,0
20160817 07:02:37.442888,0,0,0,0,4,105,0,73990148,26880
20160817 07:02:37.442888,0,0,0,0,0,0,8,1342242816,4
20160817 07:02:37.442888,0,96,10,0,0,4,106,289280,0
20160817 07:02:37.442888,0,0,0,0,8,81,1,4,27392
20160823 05:50:07.442888,0,96,12,0,0,4,108,289792,0
20160823 05:50:07.442888,0,0,0,0,8,83,1,4,27904
20160823 05:50:07.442888,0,0,4,96,13,0,4,1828716544,8
20160823 05:50:07.442888,0,80,4,0,1,0,0,290304,1134
20160817 08:10:53.442888,0,80,5,0,1,0,0,290560,1135
20160817 08:10:53.442888,0,0,0,0,4,111,0,8,22017
20160817 08:10:53.442888,0,0,0,0,0,0,4,1879049328,4
20160817 08:10:53.442888,0,112,0,0,0,0,0,546561,0
20160817 08:10:53.442888,0,0,0,0,4,113,0,74514436,28928
20160817 08:10:53.442888,0,0,0,0,0,0,8,1476460544,4
20160817 08:10:53.442888,0,112,2,0,0,4,114,291328,0
20160817 08:10:53.442888,0,0,0,0,8,89,1,4,29440
20160823 06:58:23.442888,0,112,4,0,0,4,116,291840,0
20160823 06:58:23.442888,0,0,0,0,8,91,1,4,29952
20160823 06:58:23.442888,0,0,4,112,5,0,4,1962934272,8
20160823 06:58:23.442888,0,80,12,0,1,0,0,292352,1142
20160817 09:19:09.442888,0,80,13,0,1,0,0,292608,1143
20160817 09:19:09.442888,0,0,0,0,4,119,0,8,24065
20160817 09:19:09.442888,0,0,0,0,0,0,4,2013267064,4
20160817 09:19:09.442888,0,112,8,0,0,0,0,548609,0
20160817 09:19:09.442888,0,0,0,0,4,121,0,75038724,30976
20160817 09:19:09.442888,0,0,0,0,0,0,8,1610678272,4
20160817 09:19:09.442888,0,112,10,0,0,4,122,293376,0
20160817 09:19:09.442888,0,0,0,0,8,97,1,4,31488
20160823 08:06:39.442888,0,112,12,0,0,4,124,293888,0
20160823 08:06:39.442888,0,0,0,0,8,99,1,4,32000
20160823 08:06:39.442888,0,0,4,112,13,0,4,2097152000,8
20160823 08:06:39.442888,0,96,4,0,1,0,0,294400,1150
20160817 10:27:25.442888,0,96,5,0,1,0,0,294656,1151
20160817 10:27:25.442888,0,0,0,0,4,127,0,8,26113
20160817 10:27:25.442888,0,0,0,0,0,0,4,2147484800,4
20160817 10:27:25.442888,0,128,0,0,0,0,0,550657,0
20160817 10:27:25.442888,0,0,0,0,4,129,0,75563012,33024
20160817 10:27:25.442888,0,0,0,0,0,0,8,1744896000,4
20160817 10:27:25.442888,0,128,2,0,0,4,130,295424,0
20160817 10:27:25.442888,0,0,0,0,8,105,1,4,33536
20160823 09:14:55.442888,0,128,4,0,0,4,132,295936,0
20160823 09:14:55.442888,0,0,0,0,8,107,1,4,34048
20160823 09:14:55.442888,0,0,4,128,5,0,4,2231369728,8
20160823 09:14:55.442888,0,96,12,0,1,0,0,296448,1158
20160817 11:35:41.442888,0,96,13,0,1,0,0,296704,1159
20160817 11:35:41.442888,0,0,0,0,4,135,0,8,28161
20160817 11:35:41.442888,0,0,0,0,0,0,4,2281702536,4
20160817 11:35:41.442888,0,128,8,0,0,0,0,552705,0
20160817 11:35:41.442888,0,0,0,0,4,137,0,76087300,35072
20160817 11:35:41.442888,0,0,0,0,0,0,8,1879113728,4
20160817 11:35:41.442888,0,128,10,0,0,4,138,297472,0
20160817 11:35:41.442888,0,0,0,0,8,113,1,4,35584
20160823 10:23:11.442888,0,128,12,0,0,4,140,297984,0
20160823 10:23:11.442888,0,0,0,0,8,115,1,4,36096
20160823 10:23:11.442888,0,0,4,128,13,0,4,2365587456,8
20160823 10:23:11.442888,0,112,4,0,1,0,0,298496,1166
20160817 12:43:57.442888,0,112,5,0,1,0,0,298752,1167
20160817 12:43:57.442888,0,0,0,0,4,143,0,8,30209
20160817 12:43:57.442888,0,0,0,0,0,0,4,2415920272,4
20160817 12:43:57.442888,0,144,0,0,0,0,0,554753,0
20160817 12:43:57.442888,0,0,0,0,4,145,0,76611588,37120
20160817 12:43:57.442888,0,0,0,0,0,0,8,2013331456,4
20160817 12:43:57.442888,0,144,2,0,0,4,146,299520,0
20160817 12:43:57.442888,0,0,0,0,8,121,1,4,37632
20160823 11:31:27.442888,0,144,4,0,0,4,148,300032,0
20160823 11:31:27.442888,0,0,0,0,8,123,1,4,38144
20160823 11:31:27.442888,0,0,4,144,5,0,4,2499805184,8
20160823 11:31:27.442888,0,112,12,0,1,0,0,300544,1174
20160817 13:52:13.442888,0,112,13,0,1,0,0,300800,1175
20160817 13:52:13.442888,0,0,0,0,4,151,0,8,32257
20160817 13:52:13.442888,0,0,0,0,0,0,4,2550138008,4
20160817 13:52:13.442888,0,144,8,0,0,0,0,556801,0
20160817 13:52:13.442888,0,0,0,0,4,153,0,77135876,39168
20160817 13:52:13.442888,0,0,0,0,0,0,8,2147549184,4
20160817 13:52:13.442888,0,144,10,0,0,4,154,301568,0
20160817 13:52:13.442888,0,0,0,0,8,129,1,4,39680
20160823 12:39:43.442888,0,144,12,0,0,4,156,302080,0
20160823 12:39:43.442888,0,0,0,0,8,131,1,4,40192
20160823 12:39:43.442888,0,0,4,144,13,0,4,2634022912,8
20160823 12:39:43.442888,0,128,4,0,1,0,0,302592,1182
20160817 15:00:29.442888,0,128,5,0,1,0,0,302848,1183
20160817 15:00:29.442888,0,0,0,0,4,159,0,8,34305
20160817 15:00:29.442888,0,0,0,0,0,0,4,2684355744,4
20160817 15:00:29.442888,0,160,0,0,0,0,0,558849,0
20160817 15:00:29.442888,0,0,0,0,4,161,0,77660164,41216
20160817 15:00:29.442888,0,0,0,0,0,0,8,2281766912,4
20160817 15:00:29.442888,0,160,2,0,0,4,162,303616,0
20160817 15:00:29.442888,0,0,0,0,8,137,1,4,41728
20160823 13:47:59.442888,0,160,4,0,0,4,164,304128,0
20160823 13:47:59.442888,0,0,0,0,8,139,1,4,42240
20160823 13:47:59.442888,0,0,4,160,5,0,4,2768240640,8
20160823 13:47:59.442888,0,128,12,0,1,0,0,304640,1190
20160817 16:08:45.442888,0,128,13,0,1,0,0,304896,1191
20160817 16:08:45.442888,0,0,0,0,4,167,0,8,36353
20160817 16:08:45.442888,0,0,0,0,0,0,4,2818573480,4
20160817 16:08:45.442888,0,160,8,0,0,0,0,560897,0
20160817 16:08:45.442888,0,0,0,0,4,169,0,78184452,43264
20160817 16:08:45.442888,0,0,0,0,0,0,8,2415984640,4
20160817 16:08:45.442888,0,160,10,0,0,4,170,305664,0
20160817 16:08:45.442888,0,0,0,0,8,145,1,4,43776
20160823 14:56:15.442888,0,160,12,0,0,4,172,306176,0
20160823 14:56:15.442888,0,0,0,0,8,147,1,4,44288
20160823 14:56:15.442888,0,0,4,160,13,0,4,2902458368,8
20160823 14:56:15.442888,0,144,4,0,1,0,0,306688,1198
20160817 17:17:01.442888,0,144,5,0,1,0,0,306944,1199
20160817 17:17:01.442888,0,0,0,0,4,175,0,8,38401
20160817 17:17:01.442888,0,0,0,0,0,0,4,2952791216,4
20160817 17:17:01.442888,0,176,0,0,0,0,0,562945,0
20160817 17:17:01.442888,0,0,0,0,4,177,0,78708740,45312
20160817 17:17:01.442888,0,0,0,0,0,0,8,2550202368,4
20160817 17:17:01.442888,0,176,2,0,0,4,178,307712,0
20160817 17:17:01.442888,0,0,0,0,8,153,1,4,45824
20160823 16:04:31.442888,0,176,4,0,0,4,180,308224,0
20160823 16:04:31.442888,0,0,0,0,8,155,1,4,46336
20160823 16:04:31.442888,0,0,4,176,5,0,4,3036676096,8
20160823 16:04:31.442888,0,144,12,0,1,0,0,308736,1206
20160817 18:25:17.442888,0,144,13,0,1,0,0,308992,1207
20160817 18:25:17.442888,0,0,0,0,4,183,0,8,40449
20160817 18:25:17.442888,0,0,0,0,0,0,4,3087008952,4
20160817 18:25:17.442888,0,176,8,0,0,0,0,564993,0
20160817 18:25:17.442888,0,0,0,0,4,185,0,79233028,47360
20160817 18:25:17.442888,0,0,0,0,0,0,8,2684420096,4
20160817 18:25:17.442888,0,176,10,0,0,4,186,309760,0
20160817 18:25:17.442888,0,0,0,0,8,161,1,4,47872
20160823 17:12:47.442888,0,176,12,0,0,4,188,310272,0
20160823 17:12:47.442888,0,0,0,0,8,163,1,4,48384
20160823 17:12:47.442888,0,0,4,176,13,0,4,3170893824,8
20160823 17:12:47.442888,0,160,4,0,1,0,0,310784,1214
20160817 19:33:33.442888,0,160,5,0,1,0,0,311040,1215
20160817 19:33:33.442888,0,0,0,0,4,191,0,8,42497
20160817 19:33:33.442888,0,0,0,0,0,0,4,3221226688,4
20160817 19:33:33.442888,0,192,0,0,0,0,0,567041,0
20160817 19:33:33.442888,0,0,0,0,4,193,0,79757316,49408
20160817 19:33:33.442888,0,0,0,0,0,0,8,2818637824,4
20160817 19:33:33.442888,0,192,2,0,0,4,194,311808,0
20160817 19:33:33.442888,0,0,0,0,8,169,1,4,49920
20160823 18:21:03.442888,0,192,4,0,0,4,196,312320,0
20160823 18:21:03.442888,0,0,0,0,8,171,1,4,50432
20160823 18:21:03.442888,0,0,4,192,5,0,4,3305111552,8
20160823 18:21:03.442888,0,160,12,0,1,0,0,312832,1222
20160817 20:41:49.442888,0,160,13,0,1,0,0,313088,1223
20160817 20:41:49.442888,0,0,0,0,4,199,0,8,44545
20160817 20:41:49.442888,0,0,0,0,0,0,4,3355444424,4
20160817 20:41:49.442888,0,192,8,0,0,0,0,569089,0
20160817 20:41:49.442888,0,0,0,0,4,201,0,80281604,51456
20160817 20:41:49.442888,0,0,0,0,0,0,8,2952855552,4
20160817 20:41:49.442888,0,192,10,0,0,4,202,313856,0
20160817 20:41:49.442888,0,0,0,0,8,177,1,4,51968
20160823 19:29:19.442888,0,192,12,0,0,4,204,314368,0
20160823 19:29:19.442888,0,0,0,0,8,179,1,4,52480
20160823 19:29:19.442888,0,0,4,192,13,0,4,3439329280,8
20160823 19:29:19.442888,0,176,4,0,1,0,0,314880,1230
20160817 21:50:05.442888,0,176,5,0,1,0,0,315136,1231
20160817 21:50:05.442888,0,0,0,0,4,207,0,8,46593
20160817 21:50:05.442888,0,0,0,0,0,0,4,3489662160,4
20160817 21:50:05.442888,0,208,0,0,0,0,0,571137,0
20160817 21:50:05.442888,0,0,0,0,4,209,0,80805892,53504
20160817 21:50:05.442888,0,0,0,0,0,0,8,3087073280,4
20160817 21:50:05.442888,0,208,2,0,0,4,210,315904,0
20160817 21:50:05.442888,0,0,0,0,8,185,1,4,54016
20160823 20:37:35.442888,0,208,4,0,0,4,212,316416,0
20160823 20:37:35.442888,0,0,0,0,8,187,1,4,54528
20160823 20:37:35.442888,0,0,4,208,5,0,4,3573547008,8
20160823 20:37:35.442888,0,176,12,0,1,0,0,316928,1238
20160817 22:58:21.442888,0,176,13,0,1,0,0,317184,1239
20160817 22:58:21.442888,0,0,0,0,4,215,0,8,48641
20160817 22:58:21.442888,0,0,0,0,0,0,4,3623879896,4
20160817 22:58:21.442888,0,208,8,0,0,0,0,573185,0
20160817 22:58:21.442888,0,0,0,0,4,217,0,81330180,55552
20160817 22:58:21.442888,0,0,0,0,0,0,8,3221291008,4
20160817 22:58:21.442888,0,208,10,0,0,4,218,317952,0
20160817 22:58:21.442888,0,0,0,0,8,193,1,4,56064
20160823 21:45:51.442888,0,208,12,0,0,4,220,318464,0
20160823 21:45:51.442888,0,0,0,0,8,195,1,4,56576
20160823 21:45:51.442888,0,0,4,208,13,0,4,3707764736,8
20160823 21:45:51.442888,0,192,4,0,1,0,0,318976,1246
20160818 00:06:37.442888,0,192,5,0,1,0,0,319232,1247
20160818 00:06:37.442888,0,0,0,0,4,223,0,8,50689
20160818 00:06:37.442888,0,0,0,0,0,0,4,3758097632,4
20160818 00:06:37.442888,0,224,0,0,0,0,0,575233,0
20160818 00:06:37.442888,0,0,0,0,4,225,0,81854468,57600
20160818 00:06:37.442888,0,0,0,0,0,0,8,3355508736,4
20160818 00:06:37.442888,0,224,2,0,0,4,226,320000,0
20160818 00:06:37.442888,0,0,0,0,8,201,1,4,58112
20160823 22:54:07.442888,0,224,4,0,0,4,228,320512,0
20160823 22:54:07.442888,0,0,0,0,8,203,1,4,58624
20160823 22:54:07.442888,0,0,4,224,5,0,4,3841982464,8
20160823 22:54:07.442888,0,192,12,0,1,0,0,321024,1254
20160818 01:14:53.442888,0,192,13,0,1,0,0,321280,1255
20160818 01:14:53.442888,0,0,0,0,4,231,0,8,52737
20160818 01:14:53.442888,0,0,0,0,0,0,4,3892315368,4
20160818 01:14:53.442888,0,224,8,0,0,0,0,577281,0
20160818 01:14:53.442888,0,0,0,0,4,233,0,82378756,59648
20160818 01:14:53.442888,0,0,0,0,0,0,8,3489726464,4
20160818 01:14:53.442888,0,224,10,0,0,4,234,322048,0
20160818 01:14:53.442888,0,0,0,0,8,209,1,4,60160
20160824 00:02:23.442888,0,224,12,0,0,4,236,322560,0
20160824 00:02:23.442888,0,0,0,0,8,211,1,4,60672
20160824 00:02:23.442888,0,0,4,224,13,0,4,3976200192,8
20160824 00:02:23.442888,0,208,4,0,1,0,0,323072,1262
20160818 02:23:09.442888,0,208,5,0,1,0,0,323328,1263
20160818 02:23:09.442888,0,0,0,0,4,239,0,8,54785
20160818 02:23:09.442888,0,0,0,0,0,0,4,4026533104,4
20160818 02:23:09.442888,0,240,0,0,0,0,0,579329,0
20160818 02:23:09.442888,0,0,0,0,4,241,0,82903044,61696
20160818 02:23:09.442888,0,0,0,0,0,0,8,3623944192,4
20160818 02:23:09.442888,0,240,2,0,0,4,242,324096,0
20160818 02:23:09.442888,0,0,0,0,8,217,1,4,62208
20160824 01:10:39.442888,0,240,4,0,0,4,244,324608,0
20160824 01:10:39.442888,0,0,0,0,8,219,1,4,62720
20160824 01:10:39.442888,0,0,4,240,5,0,4,4110417920,8
20160824 01:10:39.442888,0,208,12,0,1,0,0,325120,1270
20160818 03:31:25.442888,0,208,13,0,1,0,0,325376,1271
20160818 03:31:25.442888,0,0,0,0,4,247,0,8,56833
20160818 03:31:25.442888,0,0,0,0,0,0,4,4160750840,4
20160818 03:31:25.442888,0,240,8,0,0,0,0,581377,0
20160818 03:31:25.442888,0,0,0,0,4,249,0,83427332,63744
20160818 03:31:25.442888,0,0,0,0,0,0,8,3758161920,4
20160818 03:31:25.442888,0,240,10,0,0,4,250,326144,0
20160818 03:31:25.442888,0,0,0,0,8,225,1,4,64256
20160824 02:18:55.442888,0,240,12,0,0,4,252,326656,0
20160824 02:18:55.442888,0,0,0,0,8,227,1,4,64768
20160824 02:18:55.442888,0,0,4,240,13,0,4,4244635648,8
20160824 02:18:55.442888,0,224,4,0,1,0,0,327168,1278
20160818 04:39:41.442888,0,224,5,0,1,0,0,327424,1279
20160818 04:39:41.442888,0,0,0,0,4,255,0,8,58881
20160818 04:39:41.442888,0,0,0,0,0,0,5,1280,5
20160818 04:39:41.442888,0,0,0,0,0,0,0,583425,0
20160818 04:39:41.442888,0,0,0,0,5,1,0,83951621,256
20160818 04:39:41.442888,0,0,0,0,0,0,8,3892379648,5
20160818 04:39:41.442888,0,0,2,0,0,5,2,328192,0
20160818 04:39:41.442888,0,0,0,0,8,233,1,5,768
20160824 03:27:11.442888,0,0,4,0,0,5,4,328704,0
20160824 03:27:11.442888,0,0,0,0,8,235,1,5,1280
20160824 03:27:11.442888,0,0,5,0,5,0,5,83886080,8
20160824 03:27:11.442888,0,224,12,0,1,0,0,329216,1286
20160824 03:27:11.442888,0,0,0,0,5,6,0,8,60673
20160810 14:54:15.497576,0,0,10,0,0,5,10,330240,0
20160810 14:54:15.497576,0,0,0,0,8,241,1,5,2816
20160810 14:54:15.497576,0,0,5,0,11,0,5,184549376,8
20160810 14:54:15.497576,0,240,2,0,1,0,0,330752,1292
20160810 14:54:15.497576,0,0,0,0,5,12,0,8,62209
20160810 14:54:15.497576,0,0,0,0,0,0,5,218105101,5
20160810 14:54:15.497576,0,0,13,0,0,0,0,586753,0
20160818 06:56:13.481950,0,0,5,16,6,0,5,369098752,8
20160818 06:56:13.481950,0,240,13,0,1,0,0,333568,1303
20160818 06:56:13.481950,0,0,0,0,5,23,0,8,65025
20160818 06:56:13.481950,0,0,0,0,0,0,5,402654488,5
20160818 06:56:13.481950,0,16,8,0,0,0,0,589569,0
20160818 08:30:05.481950,0,0,0,0,5,39,0,9,3585
20160818 08:30:05.481950,0,0,0,0,0,0,5,671089960,5
20160818 08:30:05.481950,0,32,8,0,0,0,0,593665,0
20160818 08:30:05.481950,0,0,0,0,5,41,0,86573061,10496
20160818 08:30:05.481950,0,0,0,0,0,0,9,268500992,5
20160824 12:41:51.442888,0,64,5,0,0,5,69,345344,0
20160824 12:41:51.442888,0,0,0,0,9,44,1,5,17920
20160824 12:41:51.442888,0,0,5,64,6,0,5,1174405120,9
20160824 12:41:51.442888,0,32,13,0,1,0,0,345856,1351
20160824 12:41:51.442888,0,0,0,0,5,71,0,9,11777
20160810 14:54:16.005388,0,64,11,0,0,5,75,346880,0
20160810 14:54:16.005388,0,0,0,0,9,50,1,5,19456
20160810 14:54:16.005388,0,0,5,64,12,0,5,1275068416,9
20160810 14:54:16.005388,0,48,3,0,1,0,0,347392,1357
20160810 14:54:16.005388,0,0,0,0,5,77,0,9,13313
20160810 14:54:16.005388,0,0,0,0,0,0,5,1308624206,5
20160810 14:54:16.005388,0,64,14,0,0,0,0,603393,0
20160810 14:54:16.005388,0,0,0,0,5,79,0,89063429,20224
20160810 14:54:16.005388,0,0,0,0,0,0,9,906035200,5
20160810 14:54:16.005388,0,80,0,0,0,5,80,348160,0
20160810 14:54:16.005388,0,0,0,0,9,55,1,5,20736
20160810 14:54:16.005388,0,0,5,80,1,0,5,1358954496,9
20160810 14:54:16.005388,0,48,8,0,1,0,0,348672,1362
20160810 14:54:16.005388,0,0,0,0,5,82,0,9,14593
20160810 14:54:16.005388,0,0,0,0,0,0,5,1392510291,5
20160810 14:54:16.005388,0,80,3,0,0,0,0,604673,0
20160810 14:54:16.005388,0,0,0,0,5,84,0,89391109,21504
20160810 14:54:16.005388,0,0,0,0,0,0,9,989921280,5
20160810 14:54:16.005388,0,80,5,0,0,5,85,349440,0
20160810 14:54:16.005388,0,0,0,0,9,60,1,5,22016
20160810 14:54:16.005388,0,0,5,80,6,0,5,1442840576,9
20160810 14:54:16.005388,0,48,13,0,1,0,0,349952,1367
20160810 14:54:16.005388,0,0,0,0,5,87,0,9,15873
20160810 14:54:16.005388,0,0,0,0,0,0,5,1476396376,5
20160810 14:54:16.005388,0,80,8,0,0,0,0,605953,0
20160810 14:54:16.005388,0,0,0,0,5,89,0,89718789,22784
20160810 14:54:16.005388,0,0,0,0,0,0,9,1073807360,5
20160810 14:54:16.005388,0,80,10,0,0,5,90,350720,0
20160810 14:54:16.005388,0,0,0,0,9,65,1,5,23296
20160810 14:54:16.005388,0,0,5,80,11,0,5,1526726656,9
20160810 14:54:16.005388,0,64,2,0,1,0,0,351232,1372
20160810 14:54:16.005388,0,0,0,0,5,92,0,9,17153
20160810 14:54:16.005388,0,0,0,0,0,0,5,1560282461,5
20160810 14:54:16.005388,0,80,13,0,0,0,0,607233,0
20160810 14:54:16.005388,0,0,0,0,5,94,0,90046469,24064
20160810 14:54:16.005388,0,0,0,0,0,0,9,1157693440,5
20160810 14:54:16.005388,0,80,15,0,0,5,95,352000,0
20160810 14:54:16.005388,0,0,0,0,9,70,1,5,24576
20160810 14:54:16.005388,0,0,5,96,0,0,5,1610612736,9
20160810 14:54:16.005388,0,64,7,0,1,0,0,352512,1377
20160810 14:54:16.005388,0,0,0,0,5,97,0,9,18433
20160810 14:54:16.005388,0,0,0,0,0,0,5,1644168546,5
20160810 14:54:16.005388,0,96,2,0,0,0,0,608513,0
20160810 14:54:16.005388,0,0,0,0,5,99,0,90374149,25344
20160810 14:54:16.005388,0,0,0,0,0,0,9,1241579520,5
20160810 14:54:16.005388,0,96,4,0,0,5,100,353280,0
20160810 14:54:16.005388,0,0,0,0,9,75,1,5,25856
20160810 14:54:16.005388,0,0,5,96,5,0,5,1694498816,9
20160810 14:54:16.005388,0,64,12,0,1,0,0,353792,1382
20160810 14:54:16.005388,0,0,0,0,5,102,0,9,19713
20160810 14:54:16.005388,0,0,0,0,0,0,5,1728054631,5
20160810 14:54:16.005388,0,96,7,0,0,0,0,609793,0
20160810 14:54:16.005388,0,0,0,0,5,104,0,90701829,26624
20160810 14:54:16.005388,0,0,0,0,0,0,9,1325465600,5
20160810 14:54:16.005388,0,96,9,0,0,5,105,354560,0
20160810 14:54:16.005388,0,0,0,0,9,80,1,5,27136
20160810 14:54:16.005388,0,0,5,96,10,0,5,1778384896,9
20160810 14:54:16.005388,0,80,1,0,1,0,0,355072,1387
20160810 14:54:16.005388,0,0,0,0,5,107,0,9,20993
20160810 14:54:16.005388,0,0,0,0,0,0,5,1811940716,5
20160810 14:54:16.005388,0,96,12,0,0,0,0,611073,0
20160810 14:54:16.005388,0,0,0,0,5,109,0,91029509,27904
20160810 14:54:16.005388,0,0,0,0,0,0,9,1409351680,5
20160810 14:54:16.005388,0,96,14,0,0,5,110,355840,0
20160810 14:54:16.005388,0,0,0,0,9,85,1,5,28416
20160810 14:54:16.005388,0,0,5,96,15,0,5,1862270976,9
20160810 14:54:16.005388,0,80,6,0,1,0,0,356352,1392
20160810 14:54:16.005388,0,0,0,0,5,112,0,9,22273
20160810 14:54:16.005388,0,0,0,0,0,0,5,1895826801,5
20160810 14:54:16.005388,0,112,1,0,0,0,0,612353,0
20160810 14:54:16.005388,0,0,0,0,5,114,0,91357189,29184
20160810 14:54:16.005388,0,0,0,0,0,0,9,1493237760,5
20160825 04:54:39.442888,0,176,7,0,0,5,183,374528,0
20160825 04:54:39.442888,0,0,0,0,9,158,1,5,47104
20160825 04:54:39.442888,0,0,5,176,8,0,5,3087007744,9
20160825 04:54:39.442888,0,144,15,0,1,0,0,375040,1465
20160825 04:54:39.442888,0,0,0,0,5,185,0,9,40961
20160810 14:54:16.896013,0,176,13,0,0,5,189,376064,0
20160810 14:54:16.896013,0,0,0,0,9,164,1,5,48640
20160810 14:54:16.896013,0,0,5,176,14,0,5,3187671040,9
20160810 14:54:16.896013,0,160,5,0,1,0,0,376576,1471
20160810 14:54:16.896013,0,0,0,0,5,191,0,9,42497
20160810 14:54:16.896013,0,0,0,0,0,0,5,3221226944,5
20160810 14:54:16.896013,0,192,0,0,0,0,0,632577,0
20160810 14:54:16.896013,0,0,0,0,5,193,0,96534533,49408
20160810 14:54:16.896013,0,0,0,0,0,0,9,2818637824,5
20160810 14:54:16.896013,0,192,2,0,0,5,194,377344,0
20160810 14:54:16.896013,0,0,0,0,9,169,1,5,49920
20160810 14:54:16.896013,0,0,5,192,3,0,5,3271557120,9
20160810 14:54:16.896013,0,160,10,0,1,0,0,377856,1476
20160810 14:54:16.896013,0,0,0,0,5,196,0,9,43777
20160810 14:54:16.896013,0,0,0,0,0,0,5,3305113029,5
20160810 14:54:16.896013,0,192,5,0,0,0,0,633857,0
20160810 14:54:16.896013,0,0,0,0,5,198,0,96862213,50688
20160810 14:54:16.896013,0,0,0,0,0,0,9,2902523904,5
20160810 14:54:16.896013,0,192,7,0,0,5,199,378624,0
20160810 14:54:16.896013,0,0,0,0,9,174,1,5,51200
20160810 14:54:16.896013,0,0,5,192,8,0,5,3355443200,9
20160810 14:54:16.896013,0,160,15,0,1,0,0,379136,1481
20160810 14:54:16.896013,0,0,0,0,5,201,0,9,45057
20160810 14:54:16.896013,0,0,0,0,0,0,5,3388999114,5
20160810 14:54:16.896013,0,192,10,0,0,0,0,635137,0
20160810 14:54:16.896013,0,0,0,0,5,203,0,97189893,51968
20160810 14:54:16.896013,0,0,0,0,0,0,9,2986409984,5
20160810 14:54:16.896013,0,192,12,0,0,5,204,379904,0
20160810 14:54:16.896013,0,0,0,0,9,179,1,5,52480
20160810 14:54:16.896013,0,0,5,192,13,0,5,3439329280,9
20160810 14:54:16.896013,0,176,4,0,1,0,0,380416,1486
20160810 14:54:16.896013,0,0,0,0,5,206,0,9,46337
20160810 14:54:16.896013,0,0,0,0,0,0,5,3472885199,5
20160810 14:54:16.896013,0,192,15,0,0,0,0,636417,0
20160810 14:54:16.896013,0,0,0,0,5,208,0,97517573,53248
20160810 14:54:16.896013,0,0,0,0,0,0,9,3070296064,5
20160810 14:54:16.896013,0,208,1,0,0,5,209,381184,0
20160810 14:54:16.896013,0,0,0,0,9,184,1,5,53760
20160810 14:54:16.896013,0,0,5,208,2,0,5,3523215360,9
20160810 14:54:16.896013,0,176,9,0,1,0,0,381696,1491
20160810 14:54:16.896013,0,0,0,0,5,211,0,9,47617
20160810 14:54:16.896013,0,0,0,0,0,0,5,3556771284,5
20160810 14:54:16.896013,0,208,4,0,0,0,0,637697,0
20160810 14:54:16.896013,0,0,0,0,5,213,0,97845253,54528
20160810 14:54:16.896013,0,0,0,0,0,0,9,3154182144,5
20160810 14:54:16.896013,0,208,6,0,0,5,214,382464,0
20160810 14:54:16.896013,0,0,0,0,9,189,1,5,55040
20160810 14:54:16.896013,0,0,5,208,7,0,5,3607101440,9
20160810 14:54:16.896013,0,176,14,0,1,0,0,382976,1496
20160810 14:54:16.896013,0,0,0,0,5,216,0,9,48897
20160810 14:54:16.896013,0,0,0,0,0,0,5,3640657369,5
20160810 14:54:16.896013,0,208,9,0,0,0,0,638977,0
20160810 14:54:16.896013,0,0,0,0,5,218,0,98172933,55808
20160810 14:54:16.896013,0,0,0,0,0,0,9,3238068224,5
20160810 14:54:16.896013,0,208,11,0,0,5,219,383744,0
20160810 14:54:16.896013,0,0,0,0,9,194,1,5,56320
20160810 14:54:16.896013,0,0,5,208,12,0,5,3690987520,9
20160810 14:54:16.896013,0,192,3,0,1,0,0,384256,1501
20160810 14:54:16.896013,0,0,0,0,5,221,0,9,50177
20160810 14:54:16.896013,0,0,0,0,0,0,5,3724543454,5
20160810 14:54:16.896013,0,208,14,0,0,0,0,640257,0
20160810 14:54:16.896013,0,0,0,0,5,223,0,98500613,57088
20160810 14:54:16.896013,0,0,0,0,0,0,9,3321954304,5
20160810 14:54:16.896013,0,224,0,0,0,5,224,385024,0
20160810 14:54:16.896013,0,0,0,0,9,199,1,5,57600
20160810 14:54:16.896013,0,0,5,224,1,0,5,3774873600,9
20160810 14:54:16.896013,0,192,8,0,1,0,0,385536,1506
20160810 14:54:16.896013,0,0,0,0,5,226,0,9,51457
20160810 14:54:16.896013,0,0,0,0,0,0,5,3808429539,5
20160810 14:54:16.896013,0,224,3,0,0,0,0,641537,0
20160810 14:54:16.896013,0,0,0,0,5,228,0,98828293,58368
20160810 14:54:16.896013,0,0,0,0,0,0,9,3405840384,5
20160810 14:54:16.896013,0,224,5,0,0,5,229,386304,0
20160810 14:54:16.896013,0,0,0,0,9,204,1,5,58880
20160810 14:54:16.896013,0,0,5,224,6,0,5,3858759680,9
20160810 14:54:16.896013,0,192,13,0,1,0,0,386816,1511
20160810 14:54:16.896013,0,0,0,0,5,231,0,9,52737
20160810 14:54:16.896013,0,0,0,0,0,0,5,3892315624,5
20160810 14:54:16.896013,0,224,8,0,0,0,0,642817,0
20160810 14:54:16.896013,0,0,0,0,5,233,0,99155973,59648
20160810 14:54:16.896013,0,0,0,0,0,0,9,3489726464,5
20160810 14:54:16.896013,0,224,10,0,0,5,234,387584,0
20160810 14:54:16.896013,0,0,0,0,9,209,1,5,60160
20160810 14:54:16.896013,0,0,5,224,11,0,5,3942645760,9
20160810 14:54:16.896013,0,208,2,0,1,0,0,388096,1516
20160810 14:54:16.896013,0,0,0,0,5,236,0,9,54017
20160810 14:54:16.896013,0,0,0,0,0,0,5,3976201709,5
20160810 14:54:16.896013,0,224,13,0,0,0,0,644097,0
20160810 14:54:16.896013,0,0,0,0,5,238,0,99483653,60928
20160810 14:54:16.896013,0,0,0,0,0,0,9,3573612544,5
20160810 14:54:16.896013,0,224,15,0,0,5,239,388864,0
20160810 14:54:16.896013,0,0,0,0,9,214,1,5,61440
20160810 14:54:16.896013,0,0,5,240,0,0,5,4026531840,9
20160810 14:54:16.896013,0,208,7,0,1,0,0,389376,1521
20160810 14:54:16.896013,0,0,0,0,5,241,0,9,55297
20160810 14:54:16.896013,0,0,0,0,0,0,5,4060087794,5
20160810 14:54:16.896013,0,240,2,0,0,0,0,645377,0
20160810 14:54:16.896013,0,0,0,0,5,243,0,99811333,62208
20160810 14:54:16.896013,0,0,0,0,0,0,9,3657498624,5
20160810 14:54:16.896013,0,240,4,0,0,5,244,390144,0
20160810 14:54:16.896013,0,0,0,0,9,219,1,5,62720
20160810 14:54:16.896013,0,0,5,240,5,0,5,4110417920,9
20160810 14:54:16.896013,0,208,12,0,1,0,0,390656,1526
20160810 14:54:16.896013,0,0,0,0,5,246,0,9,56577
20160810 14:54:16.896013,0,0,0,0,0,0,5,4143973879,5
20160810 14:54:16.896013,0,240,7,0,0,0,0,646657,0
20160810 14:54:16.896013,0,0,0,0,5,248,0,100139013,63488
20160810 14:54:16.896013,0,0,0,0,0,0,9,3741384704,5
20160810 14:54:16.896013,0,240,9,0,0,5,249,391424,0
20160810 14:54:16.896013,0,0,0,0,9,224,1,5,64000
20160810 14:54:16.896013,0,0,5,240,10,0,5,4194304000,9
20160810 14:54:16.896013,0,224,1,0,1,0,0,391936,1531
20160810 14:54:16.896013,0,0,0,0,5,251,0,9,57857
20160810 14:54:16.896013,0,0,0,0,0,0,5,4227859964,5
20160810 14:54:16.896013,0,240,12,0,0,0,0,647937,0
20160810 14:54:16.896013,0,0,0,0,5,253,0,100466693,64768
20160810 14:54:16.896013,0,0,0,0,0,0,9,3825270784,5
20160810 14:54:16.896013,0,240,14,0,0,5,254,392704,0
20160810 14:54:16.896013,0,0,0,0,9,229,1,5,65280
20160810 14:54:16.896013,0,0,5,240,15,0,5,4278190080,9
20160810 14:54:16.896013,0,224,6,0,1,0,0,393216,1536
20160810 14:54:16.896013,0,0,0,0,6,0,0,9,59137
20160810 14:54:16.896013,0,0,0,0,0,0,6,16778753,6
20160810 14:54:16.896013,0,0,1,0,0,0,0,649217,0
20160810 14:54:16.896013,0,0,0,0,6,2,0,100794374,512
20160810 14:54:16.896013,0,0,0,0,0,0,9,3909156864,6
20160810 14:54:16.896013,0,0,3,0,0,6,3,393984,0
20160810 14:54:16.896013,0,0,0,0,9,234,1,6,1024
20160810 14:54:16.896013,0,0,6,0,4,0,6,67108864,9
20160810 14:54:16.896013,0,224,11,0,1,0,0,394496,1541
20160810 14:54:16.896013,0,0,0,0,6,5,0,9,60417
20160810 14:54:16.896013,0,0,0,0,0,0,6,100664838,6
20160810 14:54:16.896013,0,0,6,0,0,0,0,650497,0
20160810 14:54:16.896013,0,0,0,0,6,7,0,101122054,1792
20160810 14:54:16.896013,0,0,0,0,0,0,9,3993042944,6
20160810 14:54:16.896013,0,0,8,0,0,6,8,395264,0
20160810 14:54:16.896013,0,0,0,0,9,239,1,6,2304
20160810 14:54:16.896013,0,0,6,0,9,0,6,150994944,9
20160810 14:54:16.896013,0,240,0,0,1,0,0,395776,1546
20160810 14:54:16.896013,0,0,0,0,6,10,0,9,61697
20160810 14:54:16.896013,0,0,0,0,0,0,6,184550923,6
20160810 14:54:16.896013,0,0,11,0,0,0,0,651777,0
20160810 14:54:16.896013,0,0,0,0,6,12,0,101449734,3072
20160810 14:54:16.896013,0,0,0,0,0,0,9,4076929024,6
20160810 14:54:16.896013,0,0,13,0,0,6,13,396544,0
20160810 14:54:16.896013,0,0,0,0,9,244,1,6,3584
20160810 14:54:16.896013,0,0,6,0,14,0,6,234881024,9
20160810 14:54:16.896013,0,240,5,0,1,0,0,397056,1551
20160810 14:54:16.896013,0,0,0,0,6,15,0,9,62977
20160810 14:54:16.896013,0,0,0,0,0,0,6,268437008,6
20160810 14:54:16.896013,0,16,0,0,0,0,0,653057,0
20160810 14:54:16.896013,0,0,0,0,6,17,0,101777414,4352
20160810 14:54:16.896013,0,0,0,0,0,0,9,4160815104,6
20160810 14:54:16.896013,0,16,2,0,0,6,18,397824,0
20160810 14:54:16.896013,0,0,0,0,9,249,1,6,4864
20160810 14:54:16.896013,0,0,6,16,3,0,6,318767104,9
20160810 14:54:16.896013,0,240,10,0,1,0,0,398336,1556
20160810 14:54:16.896013,0,0,0,0,6,20,0,9,64257
20160810 14:54:16.896013,0,0,0,0,0,0,6,352323093,6
20160810 14:54:16.896013,0,16,5,0,0,0,0,654337,0
20160810 14:54:16.896013,0,0,0,0,6,22,0,102105094,5632
20160810 14:54:16.896013,0,0,0,0,0,0,9,4244701184,6
20160810 14:54:16.896013,0,16,7,0,0,6,23,399104,0
20160810 14:54:16.896013,0,0,0,0,9,254,1,6,6144
20160810 14:54:16.896013,0,0,6,16,8,0,6,402653184,9
20160810 14:54:16.896013,0,240,15,0,1,0,0,399616,1561
20160810 14:54:16.896013,0,0,0,0,6,25,0,10,1
20160810 14:54:16.896013,0,0,0,0,0,0,6,436209178,6
20160810 14:54:16.896013,0,16,10,0,0,0,0,655617,0
20160810 14:54:16.896013,0,0,0,0,6,27,0,102432774,6912
20160810 14:54:16.896013,0,0,0,0,0,0,10,33619968,6
20160810 14:54:16.896013,0,16,12,0,0,6,28,400384,0
20160810 14:54:16.896013,0,0,0,0,10,3,1,6,7424
20160810 14:54:16.896013,0,0,6,16,13,0,6,486539264,10
20160810 14:54:16.896013,0,0,4,0,1,0,0,400896,1566
20160810 14:54:16.896013,0,0,0,0,6,30,0,10,1281
20160810 14:54:16.896013,0,0,0,0,0,0,6,520095263,6
20160810 14:54:16.896013,0,16,15,0,0,0,0,656897,0
20160810 14:54:16.896013,0,0,0,0,6,32,0,102760454,8192
20160810 14:54:16.896013,0,0,0,0,0,0,10,117506048,6
20160810 14:54:16.896013,0,32,1,0,0,6,33,401664,0
20160810 14:54:16.896013,0,0,0,0,10,8,1,6,8704
20160810 14:54:16.896013,0,0,6,32,2,0,6,570425344,10
20160810 14:54:16.896013,0,0,9,0,1,0,0,402176,1571
20160810 14:54:16.896013,0,0,0,0,6,35,0,10,2561
20160810 14:54:16.896013,0,0,0,0,0,0,6,603981348,6
20160810 14:54:05.442888,36,0,0,0,0,0,10,385941504,6
20160820 11:33:33.442888,0,96,7,0,1,0,0,426240,1665
20160820 11:33:33.442888,0,0,0,0,6,129,0,10,26625
20160820 11:33:33.442888,0,0,0,0,0,0,6,2181039746,6
20160820 11:33:33.442888,0,128,2,0,0,0,0,682241,0
20160820 11:33:33.442888,0,0,0,0,6,131,0,109248518,33536
20160820 11:33:33.442888,0,0,0,0,0,0,10,1778450432,6
20160820 11:33:33.442888,0,128,4,0,0,6,132,427008,0
20160820 11:33:33.442888,0,0,0,0,10,107,1,6,34048
20160820 11:33:33.442888,0,0,6,128,5,0,6,2231369728,10
20160820 11:33:33.442888,0,96,12,0,1,0,0,427520,1670
20160820 12:24:45.442888,0,96,13,0,1,0,0,427776,1671
20160820 12:24:45.442888,0,0,0,0,6,135,0,10,28161
20160820 12:24:45.442888,0,0,0,0,0,0,6,2281703048,6
20160820 12:24:45.442888,0,128,8,0,0,0,0,683777,0
20160820 12:24:45.442888,0,0,0,0,6,137,0,109641734,35072
20160820 12:24:45.442888,0,0,0,0,0,0,10,1879113728,6
20160820 12:24:45.442888,0,128,10,0,0,6,138,428544,0
20160820 12:24:45.442888,0,0,0,0,10,113,1,6,35584
20160820 12:24:45.442888,0,0,6,128,11,0,6,2332033024,10
20160820 12:24:45.442888,0,112,2,0,1,0,0,429056,1676
20160820 13:15:57.442888,0,112,3,0,1,0,0,429312,1677
20160820 13:15:57.442888,0,0,0,0,6,141,0,10,29697
20160820 13:15:57.442888,0,0,0,0,0,0,6,2382366350,6
20160820 13:15:57.442888,0,128,14,0,0,0,0,685313,0
20160820 13:15:57.442888,0,0,0,0,6,143,0,110034950,36608
20160820 13:15:57.442888,0,0,0,0,0,0,10,1979777024,6
20160820 13:15:57.442888,0,144,0,0,0,6,144,430080,0
20160820 13:15:57.442888,0,0,0,0,10,119,1,6,37120
20160820 13:15:57.442888,0,0,6,144,1,0,6,2432696320,10
20160820 13:15:57.442888,0,112,8,0,1,0,0,430592,1682
20160820 14:07:09.442888,0,112,9,0,1,0,0,430848,1683
20160820 14:07:09.442888,0,0,0,0,6,147,0,10,31233
20160820 14:07:09.442888,0,0,0,0,0,0,6,2483029652,6
20160820 14:07:09.442888,0,144,4,0,0,0,0,686849,0
20160820 14:07:09.442888,0,0,0,0,6,149,0,110428166,38144
20160820 14:07:09.442888,0,0,0,0,0,0,10,2080440320,6
20160820 14:07:09.442888,0,144,6,0,0,6,150,431616,0
20160820 14:07:09.442888,0,0,0,0,10,125,1,6,38656
20160820 14:07:09.442888,0,0,6,144,7,0,6,2533359616,10
20160820 14:07:09.442888,0,112,14,0,1,0,0,432128,1688
20160820 14:58:21.442888,0,112,15,0,1,0,0,432384,1689
20160820 14:58:21.442888,0,0,0,0,6,153,0,10,32769
20160820 14:58:21.442888,0,0,0,0,0,0,6,2583692954,6
20160820 14:58:21.442888,0,144,10,0,0,0,0,688385,0
20160820 14:58:21.442888,0,0,0,0,6,155,0,110821382,39680
20160820 14:58:21.442888,0,0,0,0,0,0,10,2181103616,6
20160820 14:58:21.442888,0,144,12,0,0,6,156,433152,0
20160820 14:58:21.442888,0,0,0,0,10,131,1,6,40192
20160820 14:58:21.442888,0,0,6,144,13,0,6,2634022912,10
20160820 14:58:21.442888,0,128,4,0,1,0,0,433664,1694
20160820 15:49:33.442888,0,128,5,0,1,0,0,433920,1695
20160820 15:49:33.442888,0,0,0,0,6,159,0,10,34305
20160820 15:49:33.442888,0,0,0,0,0,0,6,2684356256,6
20160820 15:49:33.442888,0,160,0,0,0,0,0,689921,0
20160820 15:49:33.442888,0,0,0,0,6,161,0,111214598,41216
20160820 15:49:33.442888,0,0,0,0,0,0,10,2281766912,6
20160820 15:49:33.442888,0,160,2,0,0,6,162,434688,0
20160820 15:49:33.442888,0,0,0,0,10,137,1,6,41728
20160820 15:49:33.442888,0,0,6,160,3,0,6,2734686208,10
20160820 15:49:33.442888,0,128,10,0,1,0,0,435200,1700
20160820 16:40:45.442888,0,128,11,0,1,0,0,435456,1701
20160820 16:40:45.442888,0,0,0,0,6,165,0,10,35841
20160820 16:40:45.442888,0,0,0,0,0,0,6,2785019558,6
20160820 16:40:45.442888,0,160,6,0,0,0,0,691457,0
20160820 16:40:45.442888,0,0,0,0,6,167,0,111607814,42752
20160820 16:40:45.442888,0,0,0,0,0,0,10,2382430208,6
20160820 16:40:45.442888,0,160,8,0,0,6,168,436224,0
20160820 16:40:45.442888,0,0,0,0,10,143,1,6,43264
20160820 16:40:45.442888,0,0,6,160,9,0,6,2835349504,10
20160820 16:40:45.442888,0,144,0,0,1,0,0,436736,1706
20160820 17:31:57.442888,0,144,1,0,1,0,0,436992,1707
20160820 17:31:57.442888,0,0,0,0,6,171,0,10,37377
20160820 17:31:57.442888,0,0,0,0,0,0,6,2885682860,6
20160820 17:31:57.442888,0,160,12,0,0,0,0,692993,0
20160820 17:31:57.442888,0,0,0,0,6,173,0,112001030,44288
20160820 17:31:57.442888,0,0,0,0,0,0,10,2483093504,6
20160820 17:31:57.442888,0,160,14,0,0,6,174,437760,0
20160820 17:31:57.442888,0,0,0,0,10,149,1,6,44800
20160820 17:31:57.442888,0,0,6,160,15,0,6,2936012800,10
20160820 17:31:57.442888,0,144,6,0,1,0,0,438272,1712
20160820 18:23:09.442888,0,144,7,0,1,0,0,438528,1713
20160820 18:23:09.442888,0,0,0,0,6,177,0,10,38913
20160820 18:23:09.442888,0,0,0,0,0,0,6,2986346162,6
20160820 18:23:09.442888,0,176,2,0,0,0,0,694529,0
20160820 18:23:09.442888,0,0,0,0,6,179,0,112394246,45824
20160820 18:23:09.442888,0,0,0,0,0,0,10,2583756800,6
20160820 18:23:09.442888,0,176,4,0,0,6,180,439296,0
20160820 18:23:09.442888,0,0,0,0,10,155,1,6,46336
20160820 18:23:09.442888,0,0,6,176,5,0,6,3036676096,10
20160820 18:23:09.442888,0,144,12,0,1,0,0,439808,1718
20160820 19:14:21.442888,0,144,13,0,1,0,0,440064,1719
20160820 19:14:21.442888,0,0,0,0,6,183,0,10,40449
20160820 19:14:21.442888,0,0,0,0,0,0,6,3087009464,6
20160820 19:14:21.442888,0,176,8,0,0,0,0,696065,0
20160820 19:14:21.442888,0,0,0,0,6,185,0,112787462,47360
20160820 19:14:21.442888,0,0,0,0,0,0,10,2684420096,6
20160820 19:14:21.442888,0,176,10,0,0,6,186,440832,0
20160820 19:14:21.442888,0,0,0,0,10,161,1,6,47872
20160820 19:14:21.442888,0,0,6,176,11,0,6,3137339392,10
20160820 19:14:21.442888,0,160,2,0,1,0,0,441344,1724
20160820 20:05:33.442888,0,160,3,0,1,0,0,441600,1725
20160820 20:05:33.442888,0,0,0,0,6,189,0,10,41985
20160820 20:05:33.442888,0,0,0,0,0,0,6,3187672766,6
20160820 20:05:33.442888,0,176,14,0,0,0,0,697601,0
20160820 20:05:33.442888,0,0,0,0,6,191,0,113180678,48896
20160820 20:05:33.442888,0,0,0,0,0,0,10,2785083392,6
20160820 20:05:33.442888,0,192,0,0,0,6,192,442368,0
20160820 20:05:33.442888,0,0,0,0,10,167,1,6,49408
20160820 20:05:33.442888,0,0,6,192,1,0,6,3238002688,10
20160820 20:05:33.442888,0,160,8,0,1,0,0,442880,1730
20160820 20:56:45.442888,0,160,9,0,1,0,0,443136,1731
20160820 20:56:45.442888,0,0,0,0,6,195,0,10,43521
20160820 20:56:45.442888,0,0,0,0,0,0,6,3288336068,6
20160820 20:56:45.442888,0,192,4,0,0,0,0,699137,0
20160820 20:56:45.442888,0,0,0,0,6,197,0,113573894,50432
20160820 20:56:45.442888,0,0,0,0,0,0,10,2885746688,6
20160820 20:56:45.442888,0,192,6,0,0,6,198,443904,0
20160820 20:56:45.442888,0,0,0,0,10,173,1,6,50944
20160820 20:56:45.442888,0,0,6,192,7,0,6,3338665984,10
20160820 20:56:45.442888,0,160,14,0,1,0,0,444416,1736
20160820 21:47:57.442888,0,160,15,0,1,0,0,444672,1737
20160820 21:47:57.442888,0,0,0,0,6,201,0,10,45057
20160820 21:47:57.442888,0,0,0,0,0,0,6,3388999370,6
20160820 21:47:57.442888,0,192,10,0,0,0,0,700673,0
20160820 21:47:57.442888,0,0,0,0,6,203,0,113967110,51968
20160820 21:47:57.442888,0,0,0,0,0,0,10,2986409984,6
20160820 21:47:57.442888,0,192,12,0,0,6,204,445440,0
20160820 21:47:57.442888,0,0,0,0,10,179,1,6,52480
20160820 21:47:57.442888,0,0,6,192,13,0,6,3439329280,10
20160820 21:47:57.442888,0,176,4,0,1,0,0,445952,1742
20160820 22:39:09.442888,0,176,5,0,1,0,0,446208,1743
20160820 22:39:09.442888,0,0,0,0,6,207,0,10,46593
20160820 22:39:09.442888,0,0,0,0,0,0,6,3489662672,6
20160820 22:39:09.442888,0,208,0,0,0,0,0,702209,0
20160820 22:39:09.442888,0,0,0,0,6,209,0,114360326,53504
20160820 22:39:09.442888,0,0,0,0,0,0,10,3087073280,6
20160820 22:39:09.442888,0,208,2,0,0,6,210,446976,0
20160820 22:39:09.442888,0,0,0,0,10,185,1,6,54016
20160820 22:39:09.442888,0,0,6,208,3,0,6,3539992576,10
20160820 22:39:09.442888,0,176,10,0,1,0,0,447488,1748
20160820 23:30:21.442888,0,176,11,0,1,0,0,447744,1749
20160820 23:30:21.442888,0,0,0,0,6,213,0,10,48129
20160820 23:30:21.442888,0,0,0,0,0,0,6,3590325974,6
20160820 23:30:21.442888,0,208,6,0,0,0,0,703745,0
20160820 23:30:21.442888,0,0,0,0,6,215,0,114753542,55040
20160820 23:30:21.442888,0,0,0,0,0,0,10,3187736576,6
20160820 23:30:21.442888,0,208,8,0,0,6,216,448512,0
20160820 23:30:21.442888,0,0,0,0,10,191,1,6,55552
20160820 23:30:21.442888,0,0,6,208,9,0,6,3640655872,10
20160820 23:30:21.442888,0,192,0,0,1,0,0,449024,1754
20160821 00:21:33.442888,0,192,1,0,1,0,0,449280,1755
20160821 00:21:33.442888,0,0,0,0,6,219,0,10,49665
20160821 00:21:33.442888,0,0,0,0,0,0,6,3690989276,6
20160821 00:21:33.442888,0,208,12,0,0,0,0,705281,0
20160821 00:21:33.442888,0,0,0,0,6,221,0,115146758,56576
20160821 00:21:33.442888,0,0,0,0,0,0,10,3288399872,6
20160821 00:21:33.442888,0,208,14,0,0,6,222,450048,0
20160821 00:21:33.442888,0,0,0,0,10,197,1,6,57088
20160821 00:21:33.442888,0,0,6,208,15,0,6,3741319168,10
20160821 00:21:33.442888,0,192,6,0,1,0,0,450560,1760
20160821 01:12:45.442888,0,192,7,0,1,0,0,450816,1761
20160821 01:12:45.442888,0,0,0,0,6,225,0,10,51201
20160821 01:12:45.442888,0,0,0,0,0,0,6,3791652578,6
20160821 01:12:45.442888,0,224,2,0,0,0,0,706817,0
20160821 01:12:45.442888,0,0,0,0,6,227,0,115539974,58112
20160821 01:12:45.442888,0,0,0,0,0,0,10,3389063168,6
20160821 01:12:45.442888,0,224,4,0,0,6,228,451584,0
20160821 01:12:45.442888,0,0,0,0,10,203,1,6,58624
20160821 01:12:45.442888,0,0,6,224,5,0,6,3841982464,10
20160821 01:12:45.442888,0,192,12,0,1,0,0,452096,1766
20160821 02:03:57.442888,0,192,13,0,1,0,0,452352,1767
20160821 02:03:57.442888,0,0,0,0,6,231,0,10,52737
20160821 02:03:57.442888,0,0,0,0,0,0,6,3892315880,6
20160821 02:03:57.442888,0,224,8,0,0,0,0,708353,0
20160821 02:03:57.442888,0,0,0,0,6,233,0,115933190,59648
20160821 02:03:57.442888,0,0,0,0,0,0,10,3489726464,6
20160821 02:03:57.442888,0,224,10,0,0,6,234,453120,0
20160821 02:03:57.442888,0,0,0,0,10,209,1,6,60160
20160821 02:03:57.442888,0,0,6,224,11,0,6,3942645760,10
20160821 02:03:57.442888,0,208,2,0,1,0,0,453632,1772
20160821 02:55:09.442888,0,208,3,0,1,0,0,453888,1773
20160821 02:55:09.442888,0,0,0,0,6,237,0,10,54273
20160821 02:55:09.442888,0,0,0,0,0,0,6,3992979182,6
20160821 02:55:09.442888,0,224,14,0,0,0,0,709889,0
20160821 02:55:09.442888,0,0,0,0,6,239,0,116326406,61184
20160821 02:55:09.442888,0,0,0,0,0,0,10,3590389760,6
20160821 02:55:09.442888,0,240,0,0,0,6,240,454656,0
20160821 02:55:09.442888,0,0,0,0,10,215,1,6,61696
20160821 02:55:09.442888,0,0,6,240,1,0,6,4043309056,10
20160821 02:55:09.442888,0,208,8,0,1,0,0,455168,1778
20160821 03:46:21.442888,0,208,9,0,1,0,0,455424,1779
20160821 03:46:21.442888,0,0,0,0,6,243,0,10,55809
20160821 03:46:21.442888,0,0,0,0,0,0,6,4093642484,6
20160821 03:46:21.442888,0,240,4,0,0,0,0,711425,0
20160821 03:46:21.442888,0,0,0,0,6,245,0,116719622,62720
20160821 03:46:21.442888,0,0,0,0,0,0,10,3691053056,6
20160821 03:46:21.442888,0,240,6,0,0,6,246,456192,0
20160821 03:46:21.442888,0,0,0,0,10,221,1,6,63232
20160821 03:46:21.442888,0,0,6,240,7,0,6,4143972352,10
20160821 03:46:21.442888,0,208,14,0,1,0,0,456704,1784
20160821 04:37:33.442888,0,208,15,0,1,0,0,456960,1785
20160821 04:37:33.442888,0,0,0,0,6,249,0,10,57345
20160821 04:37:33.442888,0,0,0,0,0,0,6,4194305786,6
20160821 04:37:33.442888,0,240,10,0,0,0,0,712961,0
20160821 04:37:33.442888,0,0,0,0,6,251,0,117112838,64256
20160821 04:37:33.442888,0,0,0,0,0,0,10,3791716352,6
20160821 04:37:33.442888,0,240,12,0,0,6,252,457728,0
20160821 04:37:33.442888,0,0,0,0,10,227,1,6,64768
20160821 04:37:33.442888,0,0,6,240,13,0,6,4244635648,10
20160821 04:37:33.442888,0,224,4,0,1,0,0,458240,1790
20160821 05:28:45.442888,0,224,5,0,1,0,0,458496,1791
20160821 05:28:45.442888,0,0,0,0,6,255,0,10,58881
20160821 05:28:45.442888,0,0,0,0,0,0,7,1792,7
20160821 05:28:45.442888,0,0,0,0,0,0,0,714497,0
20160821 05:28:45.442888,0,0,0,0,7,1,0,117506055,256
20160821 05:28:45.442888,0,0,0,0,0,0,10,3892379648,7
20160821 05:28:45.442888,0,0,2,0,0,7,2,459264,0
20160821 05:28:45.442888,0,0,0,0,10,233,1,7,768
20160821 05:28:45.442888,0,0,7,0,3,0,7,50331648,10
20160821 05:28:45.442888,0,224,10,0,1,0,0,459776,1796
20160821 06:19:57.442888,0,224,11,0,1,0,0,460032,1797
20160821 06:19:57.442888,0,0,0,0,7,5,0,10,60417
20160821 06:19:57.442888,0,0,0,0,0,0,7,100665094,7
20160821 06:19:57.442888,0,0,6,0,0,0,0,716033,0
20160821 06:19:57.442888,0,0,0,0,7,7,0,117899271,1792
20160821 06:19:57.442888,0,0,0,0,0,0,10,3993042944,7
20160821 06:19:57.442888,0,0,8,0,0,7,8,460800,0
20160821 06:19:57.442888,0,0,0,0,10,239,1,7,2304
20160821 06:19:57.442888,0,0,7,0,9,0,7,150994944,10
20160821 06:19:57.442888,0,240,0,0,1,0,0,461312,1802
20160821 07:11:09.442888,0,240,1,0,1,0,0,461568,1803
20160821 07:11:09.442888,0,0,0,0,7,11,0,10,61953
20160821 07:11:09.442888,0,0,0,0,0,0,7,201328396,7
20160821 07:11:09.442888,0,0,12,0,0,0,0,717569,0
20160821 07:11:09.442888,0,0,0,0,7,13,0,118292487,3328
20160821 07:11:09.442888,0,0,0,0,0,0,10,4093706240,7
20160821 07:11:09.442888,0,0,14,0,0,7,14,462336,0
20160821 07:11:09.442888,0,0,0,0,10,245,1,7,3840
20160821 07:11:09.442888,0,0,7,0,15,0,7,251658240,10
20160821 07:11:09.442888,0,240,6,0,1,0,0,462848,1808
20160821 08:02:21.442888,0,240,7,0,1,0,0,463104,1809
20160821 08:02:21.442888,0,0,0,0,7,17,0,10,63489
20160821 08:02:21.442888,0,0,0,0,0,0,7,301991698,7
20160821 08:02:21.442888,0,16,2,0,0,0,0,719105,0
20160821 08:02:21.442888,0,0,0,0,7,19,0,118685703,4864
20160821 08:02:21.442888,0,0,0,0,0,0,10,4194369536,7
20160821 08:02:21.442888,0,16,4,0,0,7,20,463872,0
20160821 08:02:21.442888,0,0,0,0,10,251,1,7,5376
20160821 08:02:21.442888,0,0,7,16,5,0,7,352321536,10
20160821 08:02:21.442888,0,240,12,0,1,0,0,464384,1814
20160821 08:53:33.442888,0,240,13,0,1,0,0,464640,1815
20160821 08:53:33.442888,0,0,0,0,7,23,0,10,65025
20160821 08:53:33.442888,0,0,0,0,0,0,7,402655000,7
20160821 08:53:33.442888,0,16,8,0,0,0,0,720641,0
20160821 08:53:33.442888,0,0,0,0,7,25,0,119078919,6400
20160821 08:53:33.442888,0,0,0,0,0,0,11,65536,7
20160821 08:53:33.442888,0,16,10,0,0,7,26,465408,0
20160821 08:53:33.442888,0,0,0,0,11,1,1,7,6912
20160821 08:53:33.442888,0,0,7,16,11,0,7,452984832,11
20160821 08:53:33.442888,0,0,2,0,1,0,0,465920,1820
20160821 09:44:45.442888,0,0,3,0,1,0,0,466176,1821
20160821 09:44:45.442888,0,0,0,0,7,29,0,11,1025
20160821 09:44:45.442888,0,0,0,0,0,0,7,503318302,7
20160821 09:44:45.442888,0,16,14,0,0,0,0,722177,0
20160821 09:44:45.442888,0,0,0,0,7,31,0,119472135,7936
20160821 09:44:45.442888,0,0,0,0,0,0,11,100728832,7
20160821 09:44:45.442888,0,32,0,0,0,7,32,466944,0
20160821 09:44:45.442888,0,0,0,0,11,7,1,7,8448
20160821 09:44:45.442888,0,0,7,32,1,0,7,553648128,11
20160821 09:44:45.442888,0,0,8,0,1,0,0,467456,1826
20160821 09:44:45.442888,0,0,0,0,7,34,0,11,2305
20160810 14:54:19.716326,0,0,7,32,7,0,7,654311424,11
20160810 14:54:19.716326,0,0,14,0,1,0,0,468992,1832
20160810 14:54:19.716326,0,0,0,0,7,40,0,11,3841
20160810 14:54:19.716326,0,0,0,0,0,0,7,687867689,7
20160810 14:54:19.716326,0,32,9,0,0,0,0,724993,0
20160810 14:54:19.716326,0,0,0,0,7,42,0,120193031,10752
20160810 14:54:19.716326,0,0,0,0,0,0,11,285278208,7
20160810 14:54:19.716326,0,32,11,0,0,7,43,469760,0
20160810 14:54:19.716326,0,0,0,0,11,18,1,7,11264
20160810 14:54:19.716326,0,0,7,32,12,0,7,738197504,11
20160810 14:54:19.716326,0,16,3,0,1,0,0,470272,1837
20160810 14:54:19.716326,0,0,0,0,7,45,0,11,5121
20160810 14:54:19.716326,0,0,0,0,0,0,7,771753774,7
20160810 14:54:19.716326,0,32,14,0,0,0,0,726273,0
20160810 14:54:19.716326,0,0,0,0,7,47,0,120520711,12032
20160810 14:54:19.716326,0,0,0,0,0,0,11,369164288,7
20160810 14:54:19.716326,0,48,0,0,0,7,48,471040,0
20160810 14:54:19.716326,0,0,0,0,11,23,1,7,12544
20160810 14:54:19.716326,0,0,7,48,1,0,7,822083584,11
20160810 14:54:19.716326,0,16,8,0,1,0,0,471552,1842
20160810 14:54:19.716326,0,0,0,0,7,50,0,11,6401
20160810 14:54:19.716326,0,0,0,0,0,0,7,855639859,7
20160810 14:54:19.716326,0,48,3,0,0,0,0,727553,0
20160810 14:54:19.716326,0,0,0,0,7,52,0,120848391,13312
20160810 14:54:19.716326,0,0,0,0,0,0,11,453050368,7
20160810 14:54:19.716326,0,48,5,0,0,7,53,472320,0
20160810 14:54:19.716326,0,0,0,0,11,28,1,7,13824
20160810 14:54:19.716326,0,0,7,48,6,0,7,905969664,11
20160810 14:54:19.716326,0,16,13,0,1,0,0,472832,1847
20160810 14:54:19.716326,0,0,0,0,7,55,0,11,7681
20160810 14:54:19.716326,0,0,0,0,0,0,7,939525944,7
20160810 14:54:19.716326,0,48,8,0,0,0,0,728833,0
20160810 14:54:19.716326,0,0,0,0,7,57,0,121176071,14592
20160810 14:54:19.716326,0,0,0,0,0,0,11,536936448,7
20160810 14:54:19.716326,0,48,10,0,0,7,58,473600,0
20160827 12:05:35.442888,0,48,11,0,0,7,59,473856,0
20160827 12:05:35.442888,0,0,0,0,11,34,1,7,15360
20160827 12:05:35.442888,0,0,7,48,12,0,7,1006632960,11
20160827 12:05:35.442888,0,32,3,0,1,0,0,474368,1853
20160827 12:05:35.442888,0,0,0,0,7,61,0,11,9217
20160827 12:05:35.442888,0,0,0,0,0,0,7,1040189246,7
20160827 12:05:35.442888,0,48,14,0,0,0,0,730369,0
20160821 14:43:25.497576,0,96,2,0,0,0,0,739585,0
20160821 14:43:25.497576,0,0,0,0,7,99,0,123928583,25344
20160821 14:43:25.497576,0,0,0,0,0,0,11,1241579520,7
20160821 14:43:25.497576,0,96,4,0,0,7,100,484352,0
20160821 14:43:25.497576,0,0,0,0,11,75,1,7,25856
20160821 14:43:25.497576,0,0,7,96,5,0,7,1694498816,11
20160821 14:43:25.497576,0,64,12,0,1,0,0,484864,1894
20160821 20:16:13.442888,0,64,13,0,1,0,0,485120,1895
20160821 20:16:13.442888,0,0,0,0,7,103,0,11,19969
20160821 20:16:13.442888,0,0,0,0,0,0,7,1744832360,7
20160821 20:16:13.442888,0,96,8,0,0,0,0,741121,0
20160821 20:16:13.442888,0,0,0,0,7,105,0,124321799,26880
20160821 20:16:13.442888,0,0,0,0,0,0,11,1342242816,7
20160821 20:16:13.442888,0,96,10,0,0,7,106,485888,0
20160821 20:16:13.442888,0,0,0,0,11,81,1,7,27392
20160821 20:16:13.442888,0,0,7,96,11,0,7,1795162112,11
20160821 20:16:13.442888,0,80,2,0,1,0,0,486400,1900
20160821 20:16:13.442888,0,0,0,0,7,108,0,11,21249
20160810 14:54:20.294450,0,0,7,112,1,0,7,1895825408,11
20160810 14:54:20.294450,0,80,8,0,1,0,0,487936,1906
20160810 14:54:20.294450,0,0,0,0,7,114,0,11,22785
20160810 14:54:20.294450,0,0,0,0,0,0,7,1929381747,7
20160810 14:54:20.294450,0,112,3,0,0,0,0,743937,0
20160810 14:54:20.294450,0,0,0,0,7,116,0,125042695,29696
20160810 14:54:20.294450,0,0,0,0,0,0,11,1526792192,7
20160810 14:54:20.294450,0,112,5,0,0,7,117,488704,0
20160810 14:54:20.294450,0,0,0,0,11,92,1,7,30208
20160810 14:54:20.294450,0,0,7,112,6,0,7,1979711488,11
20160810 14:54:20.294450,0,80,13,0,1,0,0,489216,1911
20160810 14:54:20.294450,0,0,0,0,7,119,0,11,24065
20160810 14:54:20.294450,0,0,0,0,0,0,7,2013267832,7
20160810 14:54:20.294450,0,112,8,0,0,0,0,745217,0
20160810 14:54:20.294450,0,0,0,0,7,121,0,125370375,30976
20160810 14:54:20.294450,0,0,0,0,0,0,11,1610678272,7
20160810 14:54:20.294450,0,112,10,0,0,7,122,489984,0
20160810 14:54:20.294450,0,0,0,0,11,97,1,7,31488
20160810 14:54:20.294450,0,0,7,112,11,0,7,2063597568,11
20160810 14:54:20.294450,0,96,2,0,1,0,0,490496,1916
20160810 14:54:20.294450,0,0,0,0,7,124,0,11,25345
20160810 14:54:20.294450,0,0,0,0,0,0,7,2097153917,7
20160810 14:54:20.294450,0,112,13,0,0,0,0,746497,0
20160810 14:54:20.294450,0,0,0,0,7,126,0,125698055,32256
20160810 14:54:20.294450,0,0,0,0,0,0,11,1694564352,7
20160810 14:54:20.294450,0,112,15,0,0,7,127,491264,0
20160810 14:54:20.294450,0,0,0,0,11,102,1,7,32768
20160810 14:54:20.294450,0,0,7,128,0,0,7,2147483648,11
20160810 14:54:20.294450,0,96,7,0,1,0,0,491776,1921
20160810 14:54:20.294450,0,0,0,0,7,129,0,11,26625
20160810 14:54:20.294450,0,0,0,0,0,0,7,2181040002,7
20160810 14:54:20.294450,0,128,2,0,0,0,0,747777,0
20160810 14:54:20.294450,0,0,0,0,7,131,0,126025735,33536
20160810 14:54:20.294450,0,0,0,0,0,0,11,1778450432,7
20160810 14:54:20.294450,0,128,4,0,0,7,132,492544,0
20160810 14:54:20.294450,0,0,0,0,11,107,1,7,34048
20160810 14:54:20.294450,0,0,7,128,5,0,7,2231369728,11
20160810 14:54:20.294450,0,96,12,0,1,0,0,493056,1926
20160810 14:54:20.294450,0,0,0,0,7,134,0,11,27905
20160810 14:54:20.294450,0,0,0,0,0,0,7,2264926087,7
20160810 14:54:20.294450,0,128,7,0,0,0,0,749057,0
20160810 14:54:20.294450,0,0,0,0,7,136,0,126353415,34816
20160810 14:54:20.294450,0,0,0,0,0,0,11,1862336512,7
20160810 14:54:20.294450,0,128,9,0,0,7,137,493824,0
20160810 14:54:20.294450,0,0,0,0,11,112,1,7,35328
20160810 14:54:20.294450,0,0,7,128,10,0,7,2315255808,11
20160810 14:54:20.294450,0,112,1,0,1,0,0,494336,1931
20160810 14:54:20.294450,0,0,0,0,7,139,0,11,29185
20160810 14:54:20.294450,0,0,0,0,0,0,7,2348812172,7
20160810 14:54:20.294450,0,128,12,0,0,0,0,750337,0
20160810 14:54:20.294450,0,0,0,0,7,141,0,126681095,36096
20160810 14:54:20.294450,0,0,0,0,0,0,11,1946222592,7
20160810 14:54:20.294450,0,128,14,0,0,7,142,495104,0
20160810 14:54:20.294450,0,0,0,0,11,117,1,7,36608
20160810 14:54:20.294450,0,0,7,128,15,0,7,2399141888,11
20160810 14:54:20.294450,0,112,6,0,1,0,0,495616,1936
20160810 14:54:20.294450,0,0,0,0,7,144,0,11,30465
20160810 14:54:20.294450,0,0,0,0,0,0,7,2432698257,7
20160810 14:54:20.294450,0,144,1,0,0,0,0,751617,0
20160810 14:54:20.294450,0,0,0,0,7,146,0,127008775,37376
20160810 14:54:20.294450,0,0,0,0,0,0,11,2030108672,7
20160810 14:54:20.294450,0,144,3,0,0,7,147,496384,0
20160810 14:54:20.294450,0,0,0,0,11,122,1,7,37888
20160810 14:54:20.294450,0,0,7,144,4,0,7,2483027968,11
20160810 14:54:20.294450,0,112,11,0,1,0,0,496896,1941
20160810 14:54:20.294450,0,0,0,0,7,149,0,11,31745
20160810 14:54:20.294450,0,0,0,0,0,0,7,2516584342,7
20160810 14:54:20.294450,0,144,6,0,0,0,0,752897,0
20160810 14:54:20.294450,0,0,0,0,7,151,0,127336455,38656
20160810 14:54:20.294450,0,0,0,0,0,0,11,2113994752,7
20160810 14:54:20.294450,0,144,8,0,0,7,152,497664,0
20160810 14:54:20.294450,0,0,0,0,11,127,1,7,39168
20160810 14:54:20.294450,0,0,7,144,9,0,7,2566914048,11
20160810 14:54:20.294450,0,128,0,0,1,0,0,498176,1946
20160810 14:54:20.294450,0,0,0,0,7,154,0,11,33025
20160810 14:54:20.294450,0,0,0,0,0,0,7,2600470427,7
20160810 14:54:20.294450,0,144,11,0,0,0,0,754177,0
20160810 14:54:20.294450,0,0,0,0,7,156,0,127664135,39936
20160810 14:54:20.294450,0,0,0,0,0,0,11,2197880832,7
20160810 14:54:20.294450,0,144,13,0,0,7,157,498944,0
20160810 14:54:20.294450,0,0,0,0,11,132,1,7,40448
20160810 14:54:20.294450,0,0,7,144,14,0,7,2650800128,11
20160810 14:54:20.294450,0,128,5,0,1,0,0,499456,1951
20160810 14:54:20.294450,0,0,0,0,7,159,0,11,34305
20160810 14:54:20.294450,0,0,0,0,0,0,7,2684356512,7
20160810 14:54:20.294450,0,160,0,0,0,0,0,755457,0
20160810 14:54:20.294450,0,0,0,0,7,161,0,127991815,41216
20160810 14:54:20.294450,0,0,0,0,0,0,11,2281766912,7
20160810 14:54:20.294450,0,160,2,0,0,7,162,500224,0
20160810 14:54:20.294450,0,0,0,0,11,137,1,7,41728
20160810 14:54:20.294450,0,0,7,160,3,0,7,2734686208,11
20160810 14:54:20.294450,0,128,10,0,1,0,0,500736,1956
20160810 14:54:20.294450,0,0,0,0,7,164,0,11,35585
20160810 14:54:20.294450,0,0,0,0,0,0,7,2768242597,7
20160810 14:54:20.294450,0,160,5,0,0,0,0,756737,0
20160810 14:54:20.294450,0,0,0,0,7,166,0,128319495,42496
20160810 14:54:20.294450,0,0,0,0,0,0,11,2365652992,7
20160810 14:54:20.294450,0,160,7,0,0,7,167,501504,0
20160810 14:54:20.294450,0,0,0,0,11,142,1,7,43008
20160810 14:54:20.294450,0,0,7,160,8,0,7,2818572288,11
20160810 14:54:20.294450,0,128,15,0,1,0,0,502016,1961
20160810 14:54:20.294450,0,0,0,0,7,169,0,11,36865
20160810 14:54:20.294450,0,0,0,0,0,0,7,2852128682,7
20160810 14:54:20.294450,0,160,10,0,0,0,0,758017,0
20160810 14:54:20.294450,0,0,0,0,7,171,0,128647175,43776
20160810 14:54:20.294450,0,0,0,0,0,0,11,2449539072,7
20160810 14:54:20.294450,0,160,12,0,0,7,172,502784,0
20160810 14:54:20.294450,0,0,0,0,11,147,1,7,44288
20160810 14:54:20.294450,0,0,7,160,13,0,7,2902458368,11
20160828 21:05:19.442888,0,32,3,0,0,8,35,533248,0
20160828 21:05:19.442888,0,0,0,0,12,10,1,8,9216
20160828 21:05:19.442888,0,0,8,32,4,0,8,603979776,12
20160828 21:05:19.442888,0,0,11,0,1,0,0,533760,2085
20160828 21:05:19.442888,0,0,0,0,8,37,0,12,3073
20160828 21:05:19.442888,0,0,0,0,0,0,8,637536294,8
20160828 21:05:19.442888,0,32,6,0,0,0,0,789761,0
20160828 21:05:19.442888,0,0,0,0,8,39,0,136773640,9984
